"gaul1_code","map_code","gaul0_name","gaul1_name","continent","disp_en"
"3439","FRA","France","Nouvelle-Aquitaine","Europe","Nouvelle-Aquitaine, France"
"4108","ATA","Antarctica","Administrative Unit Not Available","--","Antarctica"
"1484","MOZ","Mozambique","Cabo Delgado","Africa","Cabo Delgado, Mozambique"
"3669","NLD","Netherlands (Kingdom of the)","Overijssel","Europe","Overijssel, Netherlands (Kingdom of the)"
"3253","VNM","Viet Nam","Quang Ninh","Asia","Quang Ninh, Viet Nam"
"1699","TZA","United Republic of Tanzania","Mwanza","Africa","Mwanza, United Republic of Tanzania"
"2139","MEX","Mexico","Quintana Roo","America","Quintana Roo, Mexico"
"3067","THA","Thailand","Satun","Asia","Satun, Thailand"
"1457","MRT","Mauritania","Nouakchott-Sud","Africa","Nouakchott-Sud, Mauritania"
"2184","PRY","Paraguay","Amambay","America","Amambay, Paraguay"
"1107","BFA","Burkina Faso","Centre-Sud","Africa","Centre-Sud, Burkina Faso"
"3842","SRB","Serbia","Raški","Europe","Raški, Serbia"
"2094","HND","Honduras","Ocotepeque","America","Ocotepeque, Honduras"
"2868","MNG","Mongolia","Dornogovi","Asia","Dornogovi, Mongolia"
"1675","UGA","Uganda","Central","Africa","Central, Uganda"
"3614","LIE","Liechtenstein","Ruggell","Europe","Ruggell, Liechtenstein"
"1844","BRA","Brazil","Alagoas","America","Alagoas, Brazil"
"3270","YEM","Yemen","Aden","Asia","Aden, Yemen"
"2952","KOR","Republic Of Korea","Taejon","Asia","Taejon, Republic Of Korea"
"2548","CHN","China","Jilin Province","Asia","Jilin Province, China"
"2744","JPN","Japan","Tokushima","Asia","Tokushima, Japan"
"3829","SRB","Serbia","Jablanički","Europe","Jablanički, Serbia"
"2920","PHL","Philippines","Region Iv-A (Calabarzon)","Asia","Region Iv-A (Calabarzon), Philippines"
"4029","NFK","Norfolk Island","Administrative Unit Not Available","Oceania","Norfolk Island"
"2594","IND","India","Jharkhand","Asia","Jharkhand, India"
"3070","THA","Thailand","Songkhla","Asia","Songkhla, Thailand"
"3771","MDA","Republic of Moldova","Transnistria","Europe","Transnistria, Republic of Moldova"
"1709","TZA","United Republic of Tanzania","Tanga","Africa","Tanga, United Republic of Tanzania"
"3462","DEU","Germany","Hessen","Europe","Hessen, Germany"
"2286","TTO","Trinidad And Tobago","Princes Town","America","Princes Town, Trinidad And Tobago"
"1092","BWA","Botswana","Lobatse","Africa","Lobatse, Botswana"
"2781","KAZ","Kazakhstan","Shymkent","Asia","Shymkent, Kazakhstan"
"3629","LTU","Lithuania","Šiaulių apskr.","Europe","Šiaulių apskr., Lithuania"
"3676","MKD","North Macedonia","Polog","Europe","Polog, North Macedonia"
"1165","TCD","Chad","Guéra","Africa","Guéra, Chad"
"2810","LAO","Lao People's Democratic Republic","Salavan","Asia","Salavan, Lao People's Democratic Republic"
"1565","SEN","Senegal","Dakar","Africa","Dakar, Senegal"
"2971","SGP","Singapore","Hougang","Asia","Hougang, Singapore"
"2786","xKI","Kuril Islands","Administrative Unit Not Available","Asia","Kuril Islands"
"4037","PNG","Papua New Guinea","Eastern Highlands Province","Oceania","Eastern Highlands Province, Papua New Guinea"
"2179","PAN","Panama","Panamá","America","Panamá, Panama"
"3419","EST","Estonia","Tartu maakond","Europe","Tartu maakond, Estonia"
"3039","THA","Thailand","Narathiwat","Asia","Narathiwat, Thailand"
"1084","BWA","Botswana","Chobe","Africa","Chobe, Botswana"
"1405","LSO","Lesotho","Mohale'S Hoek","Africa","Mohale'S Hoek, Lesotho"
"2831","MYS","Malaysia","Pahang","Asia","Pahang, Malaysia"
"3702","POL","Poland","Opolskie","Europe","Opolskie, Poland"
"3966","UKR","Ukraine","Sumska","Europe","Sumska, Ukraine"
"2797","KGZ","Kyrgyzstan","Naryn","Asia","Naryn, Kyrgyzstan"
"1120","BDI","Burundi","Karuzi","Africa","Karuzi, Burundi"
"3836","SRB","Serbia","Nišavski","Europe","Nišavski, Serbia"
"1424","LBR","Liberia","Sinoe","Africa","Sinoe, Liberia"
"3999","KIR","Kiribati","Central","Oceania","Central, Kiribati"
"2129","MEX","Mexico","Hidalgo","America","Hidalgo, Mexico"
"2595","IND","India","Karnataka","Asia","Karnataka, India"
"2788","KWT","Kuwait","Al Farwaniyah","Asia","Al Farwaniyah, Kuwait"
"4082","TUV","Tuvalu","Funafuti","Oceania","Funafuti, Tuvalu"
"2765","KAZ","Kazakhstan","Abay Region","Asia","Abay Region, Kazakhstan"
"3821","RUS","Russian Federation","South federal district","Europe","South federal district, Russian Federation"
"3177","TUR","Türkiye","Trabzon","Asia","Trabzon, Türkiye"
"3666","NLD","Netherlands (Kingdom of the)","Limburg","Europe","Limburg, Netherlands (Kingdom of the)"
"3880","ESP","Spain","Andalucía","Europe","Andalucía, Spain"
"1133","CPV","Cabo Verde","Boavista","Africa","Boavista, Cabo Verde"
"2046","GTM","Guatemala","Huehuetenango","America","Huehuetenango, Guatemala"
"2824","LBN","Lebanon","North","Asia","North, Lebanon"
"3097","TKM","Turkmenistan","Ahal","Asia","Ahal, Turkmenistan"
"3372","HRV","Croatia","Slavonski Brod","Europe","Slavonski Brod, Croatia"
"3732","PRT","Portugal","Setúbal","Europe","Setúbal, Portugal"
"3098","TKM","Turkmenistan","Balkan","Asia","Balkan, Turkmenistan"
"3658","MNE","Montenegro","Tivat","Europe","Tivat, Montenegro"
"3672","NLD","Netherlands (Kingdom of the)","Zuid-Holland","Europe","Zuid-Holland, Netherlands (Kingdom of the)"
"3711","POL","Poland","Świętokrzyskie","Europe","Świętokrzyskie, Poland"
"1952","CRI","Costa Rica","San José","America","San José, Costa Rica"
"2558","CHN","China","Tibet Autonomous Region","Asia","Tibet Autonomous Region, China"
"1591","SOM","Somalia","Banadir","Africa","Banadir, Somalia"
"1126","BDI","Burundi","Muyinga","Africa","Muyinga, Burundi"
"2918","PHL","Philippines","Region Ii (Cagayan Valley)","Asia","Region Ii (Cagayan Valley), Philippines"
"1048","DZA","Algeria","Tlemcen","Africa","Tlemcen, Algeria"
"3354","BGR","Bulgaria","Targovishte","Europe","Targovishte, Bulgaria"
"2904","OMN","Oman","Muscat","Asia","Muscat, Oman"
"2679","IRN","Iran (Islamic Republic Of)","Yazd","Asia","Yazd, Iran (Islamic Republic Of)"
"1200","CIV","Côte D'Ivoire","Comoé","Africa","Comoé, Côte D'Ivoire"
"2070","GUY","Guyana","Upper Takutu-Upper Essequibo","America","Upper Takutu-Upper Essequibo, Guyana"
"1788","BHS","Bahamas","Inagua","America","Inagua, Bahamas"
"3309","AND","Andorra","Sant Julia De Loria","Europe","Sant Julia De Loria, Andorra"
"2872","MNG","Mongolia","Khentii","Asia","Khentii, Mongolia"
"3736","PRT","Portugal","Évora","Europe","Évora, Portugal"
"3868","SVN","Slovenia","Gorenjska","Europe","Gorenjska, Slovenia"
"2164","NIC","Nicaragua","Nueva Segovia","America","Nueva Segovia, Nicaragua"
"2997","SYR","Syrian Arab Republic","Lattakia","Asia","Lattakia, Syrian Arab Republic"
"3752","MDA","Republic of Moldova","Edinet","Europe","Edinet, Republic of Moldova"
"1963","CUB","Cuba","Matanzas","America","Matanzas, Cuba"
"3592","JEY","Jersey","Brelade","Europe","Brelade, Jersey"
"1681","TZA","United Republic of Tanzania","Dodoma","Africa","Dodoma, United Republic of Tanzania"
"2821","LBN","Lebanon","Bekaa","Asia","Bekaa, Lebanon"
"1835","BOL","Bolivia (Plurinational State of)","Oruro","America","Oruro, Bolivia (Plurinational State of)"
"3136","TUR","Türkiye","Giresun","Asia","Giresun, Türkiye"
"1783","BHS","Bahamas","East Grand Bahama","America","East Grand Bahama, Bahamas"
"2882","MNG","Mongolia","Ömnögovi","Asia","Ömnögovi, Mongolia"
"1579","SEN","Senegal","Ziguinchor","Africa","Ziguinchor, Senegal"
"2908","PAK","Pakistan","Punjab","Asia","Punjab, Pakistan"
"2731","JPN","Japan","Nagano","Asia","Nagano, Japan"
"2683","IRQ","Iraq","Al-Muthanna","Asia","Al-Muthanna, Iraq"
"2773","KAZ","Kazakhstan","Jambyl Region","Asia","Jambyl Region, Kazakhstan"
"3275","YEM","Yemen","Al Mahwit","Asia","Al Mahwit, Yemen"
"2474","BGD","Bangladesh","Dhaka","Asia","Dhaka, Bangladesh"
"3052","THA","Thailand","Phra Nakhon Si Ayutthaya","Asia","Phra Nakhon Si Ayutthaya, Thailand"
"3579","ITA","Italy","Liguria","Europe","Liguria, Italy"
"1877","CAN","Canada","Alberta","America","Alberta, Canada"
"3884","ESP","Spain","Castilla y León","Europe","Castilla y León, Spain"
"2106","JAM","Jamaica","Saint Catherine","America","Saint Catherine, Jamaica"
"1638","SDN","Sudan","River Nile","Africa","River Nile, Sudan"
"2813","LAO","Lao People's Democratic Republic","Vientiane Capital","Asia","Vientiane Capital, Lao People's Democratic Republic"
"3012","THA","Thailand","Chachoengsao","Asia","Chachoengsao, Thailand"
"2143","MEX","Mexico","Tabasco","America","Tabasco, Mexico"
"3781","ROU","Romania","Braila","Europe","Braila, Romania"
"2250","LCA","Saint Lucia","Castries","America","Castries, Saint Lucia"
"1516","NER","Niger","Zinder","Africa","Zinder, Niger"
"3074","THA","Thailand","Surin","Asia","Surin, Thailand"
"2019","SLV","El Salvador","La Unión","America","La Unión, El Salvador"
"3318","AUT","Austria","Wien","Europe","Wien, Austria"
"1293","ETH","Ethiopia","Dire Dawa","Africa","Dire Dawa, Ethiopia"
"1431","MDG","Madagascar","Mahajanga","Africa","Mahajanga, Madagascar"
"2819","LBN","Lebanon","Baalbek-El Hermel","Asia","Baalbek-El Hermel, Lebanon"
"1939","COL","Colombia","San Andres Y Providencia","America","San Andres Y Providencia, Colombia"
"1381","KEN","Kenya","Murang'A","Africa","Murang'A, Kenya"
"1826","BMU","Bermuda","Saint George'S","America","Saint George'S, Bermuda"
"1278","GNQ","Equatorial Guinea","Wele-Nzas","Africa","Wele-Nzas, Equatorial Guinea"
"1347","GNB","Guinea-Bissau","Sector Autonomo De Bissau","Africa","Sector Autonomo De Bissau, Guinea-Bissau"
"4066","SLB","Solomon Islands","Central","Oceania","Central, Solomon Islands"
"3643","MNE","Montenegro","Bijelo Polje","Europe","Bijelo Polje, Montenegro"
"3081","THA","Thailand","Uttaradit","Asia","Uttaradit, Thailand"
"1568","SEN","Senegal","Kaffrine","Africa","Kaffrine, Senegal"
"2489","BTN","Bhutan","Punakha","Asia","Punakha, Bhutan"
"1451","MRT","Mauritania","Guidimakha","Africa","Guidimakha, Mauritania"
"1508","NAM","Namibia","Zambezi","Africa","Zambezi, Namibia"
"2802","LAO","Lao People's Democratic Republic","Bolikhamxai","Asia","Bolikhamxai, Lao People's Democratic Republic"
"3003","TJK","Tajikistan","Dushanbe","Asia","Dushanbe, Tajikistan"
"2409","AFG","Afghanistan","Hirat","Asia","Hirat, Afghanistan"
"3093","TLS","Timor-Leste","Manatuto","Asia","Manatuto, Timor-Leste"
"3353","BGR","Bulgaria","Stara Zagora","Europe","Stara Zagora, Bulgaria"
"3719","PRT","Portugal","Guarda","Europe","Guarda, Portugal"
"3521","ISL","Iceland","Vesturland","Europe","Vesturland, Iceland"
"2335","USA","United States of America","North Carolina","America","North Carolina, United States of America"
"2848","MDV","Maldives","Gaafu Dhaalu","Asia","Gaafu Dhaalu, Maldives"
"3923","CHE","Switzerland","Appenzell Innerrhoden","Europe","Appenzell Innerrhoden, Switzerland"
"2538","CHN","China","Guizhou Province","Asia","Guizhou Province, China"
"1605","SOM","Somalia","Togdheer","Africa","Togdheer, Somalia"
"1902","CHL","Chile","Región De La Araucanía","America","Región De La Araucanía, Chile"
"4023","NZL","New Zealand","Taranaki Region","Oceania","Taranaki Region, New Zealand"
"3861","SVK","Slovakia","Bratislavský kraj","Europe","Bratislavský kraj, Slovakia"
"3142","TUR","Türkiye","Istanbul","Asia","Istanbul, Türkiye"
"3819","RUS","Russian Federation","Northwestern Federal District","Europe","Northwestern Federal District, Russian Federation"
"3731","PRT","Portugal","Santarém","Europe","Santarém, Portugal"
"2805","LAO","Lao People's Democratic Republic","Khammouan","Asia","Khammouan, Lao People's Democratic Republic"
"2256","LCA","Saint Lucia","Soufriere","America","Soufriere, Saint Lucia"
"3691","NOR","Norway","Troms - Romsa - Tromssa","Europe","Troms - Romsa - Tromssa, Norway"
"2394","VEN","Venezuela (Bolivarian Republic Of)","Tachira","America","Tachira, Venezuela (Bolivarian Republic Of)"
"2903","OMN","Oman","Musandam","Asia","Musandam, Oman"
"2077","HTI","Haiti","Nord-Ouest","America","Nord-Ouest, Haiti"
"3121","TUR","Türkiye","Bolu","Asia","Bolu, Türkiye"
"4013","NZL","New Zealand","Bay of Plenty Region","Oceania","Bay of Plenty Region, New Zealand"
"1221","COD","Democratic Republic of the Congo","Kongo Central","Africa","Kongo Central, Democratic Republic of the Congo"
"2700","ISR","Israel","Haifa","Asia","Haifa, Israel"
"3351","BGR","Bulgaria","Sofia","Europe","Sofia, Bulgaria"
"4053","PNG","Papua New Guinea","Western Province","Oceania","Western Province, Papua New Guinea"
"3398","CZE","Czechia","Středočeský","Europe","Středočeský, Czechia"
"3834","SRB","Serbia","Mačvanski","Europe","Mačvanski, Serbia"
"3156","TUR","Türkiye","Kutahya","Asia","Kutahya, Türkiye"
"1734","AIA","Anguilla","North Side","America","North Side, Anguilla"
"1542","NGA","Nigeria","Nassarawa","Africa","Nassarawa, Nigeria"
"1070","xFR","Bassas Da India","Administrative Unit Not Available","Africa","Bassas Da India"
"1938","COL","Colombia","Risaralda","America","Risaralda, Colombia"
"2712","JPN","Japan","Fukuoka","Asia","Fukuoka, Japan"
"1008","DZA","Algeria","Bejaia","Africa","Bejaia, Algeria"
"2597","IND","India","Lakshadweep","Asia","Lakshadweep, India"
"1135","CPV","Cabo Verde","Fogo","Africa","Fogo, Cabo Verde"
"2470","BHR","Bahrain","Sitra","Asia","Sitra, Bahrain"
"1195","COG","Congo","Point-Noire","Africa","Point-Noire, Congo"
"3032","THA","Thailand","Nakhon Nayok","Asia","Nakhon Nayok, Thailand"
"3124","TUR","Türkiye","Canakkale","Asia","Canakkale, Türkiye"
"1904","CHL","Chile","Región De Los Ríos","America","Región De Los Ríos, Chile"
"1023","DZA","Algeria","Jijel","Africa","Jijel, Algeria"
"1312","GAB","Gabon","Woleu-Ntem","Africa","Woleu-Ntem, Gabon"
"3605","LVA","Latvia","Latgale","Europe","Latgale, Latvia"
"1483","MAR","Morocco","Tanger-Tétouan-Al Hoceima","Africa","Tanger-Tétouan-Al Hoceima, Morocco"
"2914","PHL","Philippines","Cordillera Administrative Region (Car)","Asia","Cordillera Administrative Region (Car), Philippines"
"2477","BGD","Bangladesh","Rajshahi","Asia","Rajshahi, Bangladesh"
"1679","TZA","United Republic of Tanzania","Arusha","Africa","Arusha, United Republic of Tanzania"
"2033","GRD","Grenada","Saint George","America","Saint George, Grenada"
"1544","NGA","Nigeria","Ogun","Africa","Ogun, Nigeria"
"2656","IRN","Iran (Islamic Republic Of)","Golestan","Asia","Golestan, Iran (Islamic Republic Of)"
"3488","GGY","Guernsey","Saint Sampson","Europe","Saint Sampson, Guernsey"
"3795","ROU","Romania","Harghita","Europe","Harghita, Romania"
"3987","AUS","Australia","Victoria","Oceania","Victoria, Australia"
"1419","LBR","Liberia","Maryland","Africa","Maryland, Liberia"
"4049","PNG","Papua New Guinea","Southern Highlands Province","Oceania","Southern Highlands Province, Papua New Guinea"
"1448","MRT","Mauritania","Brakna","Africa","Brakna, Mauritania"
"3931","CHE","Switzerland","Jura","Europe","Jura, Switzerland"
"3839","SRB","Serbia","Pomoravski","Europe","Pomoravski, Serbia"
"2331","USA","United States of America","New Hampshire","America","New Hampshire, United States of America"
"1816","BLZ","Belize","Belize","America","Belize, Belize"
"1688","TZA","United Republic of Tanzania","Kigoma","Africa","Kigoma, United Republic of Tanzania"
"3402","xUK","Dekelia","Administrative Unit Not Available","Europe","Dekelia"
"3112","TUR","Türkiye","Artvin","Asia","Artvin, Türkiye"
"2767","KAZ","Kazakhstan","Aktobe Region","Asia","Aktobe Region, Kazakhstan"
"3200","UZB","Uzbekistan","Samarkand","Asia","Samarkand, Uzbekistan"
"1719","ZMB","Zambia","Southern","Africa","Southern, Zambia"
"2547","CHN","China","Jiangxi Province","Asia","Jiangxi Province, China"
"2457","AZE","Azerbaijan","Shaki-Zagatala Economic Region","Asia","Shaki-Zagatala Economic Region, Azerbaijan"
"3384","CYP","Cyprus","Larnaka","Europe","Larnaka, Cyprus"
"2068","GUY","Guyana","Potaro-Siparuni","America","Potaro-Siparuni, Guyana"
"1727","ZWE","Zimbabwe","Masvingo","Africa","Masvingo, Zimbabwe"
"3084","TLS","Timor-Leste","Aileu","Asia","Aileu, Timor-Leste"
"2554","CHN","China","Shanghai Municipality","Asia","Shanghai Municipality, China"
"3998","GUM","Guam","Administrative Unit Not Available","Oceania","Guam"
"1236","COD","Democratic Republic of the Congo","Tshuapa","Africa","Tshuapa, Democratic Republic of the Congo"
"3485","GGY","Guernsey","Saint Martin","Europe","Saint Martin, Guernsey"
"3090","TLS","Timor-Leste","Ermera","Asia","Ermera, Timor-Leste"
"3734","PRT","Portugal","Vila Real","Europe","Vila Real, Portugal"
"2322","USA","United States of America","Maryland","America","Maryland, United States of America"
"3249","VNM","Viet Nam","Phu Yen","Asia","Phu Yen, Viet Nam"
"3805","ROU","Romania","Prahova","Europe","Prahova, Romania"
"3119","TUR","Türkiye","Bingol","Asia","Bingol, Türkiye"
"3350","BGR","Bulgaria","Smolyan","Europe","Smolyan, Bulgaria"
"3855","SXM","Sint Maarten (Dutch part)","Low Lands","Europe","Low Lands, Sint Maarten (Dutch part)"
"1608","ZAF","South Africa","Free State","Africa","Free State, South Africa"
"3287","YEM","Yemen","Shabwah","Asia","Shabwah, Yemen"
"2816","LAO","Lao People's Democratic Republic","Xekong","Asia","Xekong, Lao People's Democratic Republic"
"3337","BGR","Bulgaria","Kardzhali","Europe","Kardzhali, Bulgaria"
"2704","ISR","Israel","Tel Aviv","Asia","Tel Aviv, Israel"
"3619","LIE","Liechtenstein","Vaduz","Europe","Vaduz, Liechtenstein"
"3146","TUR","Türkiye","Karaman","Asia","Karaman, Türkiye"
"1925","COL","Colombia","Cordoba","America","Cordoba, Colombia"
"3091","TLS","Timor-Leste","Lautém","Asia","Lautém, Timor-Leste"
"1249","EGY","Egypt","Beni Suef","Africa","Beni Suef, Egypt"
"4071","SLB","Solomon Islands","Makira-Ulawa","Oceania","Makira-Ulawa, Solomon Islands"
"2158","NIC","Nicaragua","Jinotega","America","Jinotega, Nicaragua"
"3964","UKR","Ukraine","Rivnenska","Europe","Rivnenska, Ukraine"
"2546","CHN","China","Jiangsu Province","Asia","Jiangsu Province, China"
"2709","JPN","Japan","Chiba","Asia","Chiba, Japan"
"3399","CZE","Czechia","Vysočina","Europe","Vysočina, Czechia"
"1846","BRA","Brazil","Amazonas","America","Amazonas, Brazil"
"3671","NLD","Netherlands (Kingdom of the)","Zeeland","Europe","Zeeland, Netherlands (Kingdom of the)"
"3308","AND","Andorra","Ordino","Europe","Ordino, Andorra"
"1440","MLI","Mali","Kidal","Africa","Kidal, Mali"
"2021","SLV","El Salvador","San Miguel","America","San Miguel, El Salvador"
"2787","KWT","Kuwait","Al Ahmadi","Asia","Al Ahmadi, Kuwait"
"1789","BHS","Bahamas","Long Island","America","Long Island, Bahamas"
"2403","AFG","Afghanistan","Daykundi","Asia","Daykundi, Afghanistan"
"1662","TUN","Tunisia","Mahdia","Africa","Mahdia, Tunisia"
"3460","DEU","Germany","Bremen","Europe","Bremen, Germany"
"3388","CZE","Czechia","Jihomoravský","Europe","Jihomoravský, Czechia"
"3429","FIN","Finland","Länsi- ja Sisä-Suomen aluehallintovirasto","Europe","Länsi- ja Sisä-Suomen aluehallintovirasto, Finland"
"1285","SWZ","Eswatini","Hhohho","Africa","Hhohho, Eswatini"
"1041","DZA","Algeria","Tamanrasset","Africa","Tamanrasset, Algeria"
"1701","TZA","United Republic of Tanzania","Pwani","Africa","Pwani, United Republic of Tanzania"
"3077","THA","Thailand","Trat","Asia","Trat, Thailand"
"1873","VGB","British Virgin Islands","Jost Van Dyke","America","Jost Van Dyke, British Virgin Islands"
"2290","TTO","Trinidad And Tobago","Siparia","America","Siparia, Trinidad And Tobago"
"1839","BOL","Bolivia (Plurinational State of)","Tarija","America","Tarija, Bolivia (Plurinational State of)"
"2998","SYR","Syrian Arab Republic","Quneitra","Asia","Quneitra, Syrian Arab Republic"
"1974","DMA","Dominica","St. Luke","America","St. Luke, Dominica"
"1330","GHA","Ghana","Western","Africa","Western, Ghana"
"3056","THA","Thailand","Prachuap Khiri Khan","Asia","Prachuap Khiri Khan, Thailand"
"3447","GEO","Georgia","Imereti","Europe","Imereti, Georgia"
"2381","VEN","Venezuela (Bolivarian Republic Of)","Delta Amacuro","America","Delta Amacuro, Venezuela (Bolivarian Republic Of)"
"1001","DZA","Algeria","Adrar","Africa","Adrar, Algeria"
"2105","JAM","Jamaica","Saint Ann","America","Saint Ann, Jamaica"
"3406","DNK","Denmark","Sjælland","Europe","Sjælland, Denmark"
"3617","LIE","Liechtenstein","Triesen","Europe","Triesen, Liechtenstein"
"3965","UKR","Ukraine","Sevastopilska","Europe","Sevastopilska, Ukraine"
"3346","BGR","Bulgaria","Ruse","Europe","Ruse, Bulgaria"
"2820","LBN","Lebanon","Beirut","Asia","Beirut, Lebanon"
"3841","SRB","Serbia","Rasinski","Europe","Rasinski, Serbia"
"1691","TZA","United Republic of Tanzania","Kusini Unguja","Africa","Kusini Unguja, United Republic of Tanzania"
"2621","IDN","Indonesia","Gorontalo","Asia","Gorontalo, Indonesia"
"1660","TUN","Tunisia","Kebili","Africa","Kebili, Tunisia"
"2213","PER","Peru","Lambayeque","America","Lambayeque, Peru"
"2307","USA","United States of America","Colorado","America","Colorado, United States of America"
"1857","BRA","Brazil","Paraíba","America","Paraíba, Brazil"
"1779","BHS","Bahamas","Central Andros","America","Central Andros, Bahamas"
"3845","SRB","Serbia","Srednje-Banatski","Europe","Srednje-Banatski, Serbia"
"4021","NZL","New Zealand","Otago Region","Oceania","Otago Region, New Zealand"
"1639","SDN","Sudan","Sennar","Africa","Sennar, Sudan"
"1055","AGO","Angola","Cuanza Sul","Africa","Cuanza Sul, Angola"
"2087","HND","Honduras","El Paraiso","America","El Paraiso, Honduras"
"1260","EGY","Egypt","Matrouh","Africa","Matrouh, Egypt"
"2182","PRY","Paraguay","Alto Paraguay","America","Alto Paraguay, Paraguay"
"3199","UZB","Uzbekistan","Republic Of Karakalpakstan","Asia","Republic Of Karakalpakstan, Uzbekistan"
"1554","RWA","Rwanda","Amajyaruguru","Africa","Amajyaruguru, Rwanda"
"3946","CHE","Switzerland","Zürich","Europe","Zürich, Switzerland"
"4059","WSM","Samoa","Gaga'emauga","Oceania","Gaga'emauga, Samoa"
"2297","TCA","Turks And Caicos Islands","Salt Cay","America","Salt Cay, Turks And Caicos Islands"
"2529","KHM","Cambodia","Under National Administration","Asia","Under National Administration, Cambodia"
"2071","HTI","Haiti","Artibonite","America","Artibonite, Haiti"
"1581","SYC","Seychelles","Mahe","Africa","Mahe, Seychelles"
"3588","ITA","Italy","Trentino-Alto Adige","Europe","Trentino-Alto Adige, Italy"
"2559","CHN","China","Xinjiang Uygur Autonomous Region","Asia","Xinjiang Uygur Autonomous Region, China"
"3282","YEM","Yemen","Ma'Rib","Asia","Ma'Rib, Yemen"
"4043","PNG","Papua New Guinea","Manus Province","Oceania","Manus Province, Papua New Guinea"
"1189","COG","Congo","Cuvette-Ouest","Africa","Cuvette-Ouest, Congo"
"2275","SUR","Suriname","Saramacca","America","Saramacca, Suriname"
"1979","DOM","Dominican Republic","Cibao Nordeste","America","Cibao Nordeste, Dominican Republic"
"2670","IRN","Iran (Islamic Republic Of)","Qazvin","Asia","Qazvin, Iran (Islamic Republic Of)"
"3133","TUR","Türkiye","Erzurum","Asia","Erzurum, Türkiye"
"2370","URY","Uruguay","Soriano","America","Soriano, Uruguay"
"1229","COD","Democratic Republic of the Congo","Nord-Kivu","Africa","Nord-Kivu, Democratic Republic of the Congo"
"2602","IND","India","Mizoram","Asia","Mizoram, India"
"1057","AGO","Angola","Huambo","Africa","Huambo, Angola"
"1453","MRT","Mauritania","Hodh El Gharbi","Africa","Hodh El Gharbi, Mauritania"
"1595","SOM","Somalia","Gedo","Africa","Gedo, Somalia"
"3523","IRL","Ireland","Cavan","Europe","Cavan, Ireland"
"3689","NOR","Norway","Rogaland","Europe","Rogaland, Norway"
"1140","CPV","Cabo Verde","Sao Nicolau","Africa","Sao Nicolau, Cabo Verde"
"3055","THA","Thailand","Prachin Buri","Asia","Prachin Buri, Thailand"
"2494","BTN","Bhutan","Trashigang","Asia","Trashigang, Bhutan"
"2954","SAU","Saudi Arabia","Al Jawf","Asia","Al Jawf, Saudi Arabia"
"1594","SOM","Somalia","Galgaduud","Africa","Galgaduud, Somalia"
"1004","DZA","Algeria","Alger","Africa","Alger, Algeria"
"1148","CMR","Cameroon","Nord-Ouest","Africa","Nord-Ouest, Cameroon"
"1014","DZA","Algeria","Chlef","Africa","Chlef, Algeria"
"3369","HRV","Croatia","Požega","Europe","Požega, Croatia"
"1044","DZA","Algeria","Tindouf","Africa","Tindouf, Algeria"
"3800","ROU","Romania","Maramures","Europe","Maramures, Romania"
"1752","ARG","Argentina","Ciudad De Buenos Aires","America","Ciudad De Buenos Aires, Argentina"
"3096","TLS","Timor-Leste","Viqueque","Asia","Viqueque, Timor-Leste"
"1726","ZWE","Zimbabwe","Mashonaland West","Africa","Mashonaland West, Zimbabwe"
"1160","TCD","Chad","Batha","Africa","Batha, Chad"
"3329","BIH","Bosnia and Herzegovina","Brcko District","Europe","Brcko District, Bosnia and Herzegovina"
"4103","VUT","Vanuatu","Shefa - Rural","Oceania","Shefa - Rural, Vanuatu"
"2072","HTI","Haiti","Centre","America","Centre, Haiti"
"1714","ZMB","Zambia","Luapula","Africa","Luapula, Zambia"
"1607","ZAF","South Africa","Eastern Cape","Africa","Eastern Cape, South Africa"
"1994","ECU","Ecuador","Cotopaxi","America","Cotopaxi, Ecuador"
"3724","PRT","Portugal","Ilha de São Jorge","Europe","Ilha de São Jorge, Portugal"
"2411","AFG","Afghanistan","Kabul","Asia","Kabul, Afghanistan"
"2922","PHL","Philippines","Region V (Bicol Region)","Asia","Region V (Bicol Region), Philippines"
"1444","MLI","Mali","Ségou","Africa","Ségou, Mali"
"2804","LAO","Lao People's Democratic Republic","Houaphan","Asia","Houaphan, Lao People's Democratic Republic"
"4042","PNG","Papua New Guinea","Madang Province","Oceania","Madang Province, Papua New Guinea"
"1583","SYC","Seychelles","Praslin","Africa","Praslin, Seychelles"
"1576","SEN","Senegal","Sédhiou","Africa","Sédhiou, Senegal"
"1243","DJI","Djibouti","Tadjoura","Africa","Tadjoura, Djibouti"
"3266","VNM","Viet Nam","Vinh Phuc","Asia","Vinh Phuc, Viet Nam"
"2363","URY","Uruguay","Montevideo","America","Montevideo, Uruguay"
"1021","DZA","Algeria","Guelma","Africa","Guelma, Algeria"
"2969","SGP","Singapore","Bukit Timah","Asia","Bukit Timah, Singapore"
"2569","PRK","Democratic People's Republic of Korea","North Pyongan","Asia","North Pyongan, Democratic People's Republic of Korea"
"1596","SOM","Somalia","Hiraan","Africa","Hiraan, Somalia"
"3543","IRL","Ireland","Tipperary","Europe","Tipperary, Ireland"
"1977","DMA","Dominica","St. Paul","America","St. Paul, Dominica"
"2777","KAZ","Kazakhstan","Kyzylorda Region","Asia","Kyzylorda Region, Kazakhstan"
"3859","SXM","Sint Maarten (Dutch part)","Upper Prince's Quarter","Europe","Upper Prince's Quarter, Sint Maarten (Dutch part)"
"3886","ESP","Spain","Cataluña","Europe","Cataluña, Spain"
"3873","SVN","Slovenia","Osrednjeslovenska","Europe","Osrednjeslovenska, Slovenia"
"2574","PRK","Democratic People's Republic of Korea","South Pyongan","Asia","South Pyongan, Democratic People's Republic of Korea"
"1728","ZWE","Zimbabwe","Matebeleland North","Africa","Matebeleland North, Zimbabwe"
"3780","ROU","Romania","Botosani","Europe","Botosani, Romania"
"1609","ZAF","South Africa","Gauteng","Africa","Gauteng, South Africa"
"1056","AGO","Angola","Cunene","Africa","Cunene, Angola"
"2801","LAO","Lao People's Democratic Republic","Bokeo","Asia","Bokeo, Lao People's Democratic Republic"
"1899","CHL","Chile","Región De Atacama","America","Región De Atacama, Chile"
"3654","MNE","Montenegro","Pluzine","Europe","Pluzine, Montenegro"
"3367","HRV","Croatia","Osijek","Europe","Osijek, Croatia"
"4054","PCN","Pitcairn","Administrative Unit Not Available","Oceania","Pitcairn"
"1374","KEN","Kenya","Machakos","Africa","Machakos, Kenya"
"3161","TUR","Türkiye","Mugla","Asia","Mugla, Türkiye"
"3111","TUR","Türkiye","Ardahan","Asia","Ardahan, Türkiye"
"2036","GRD","Grenada","Saint Patrick","America","Saint Patrick, Grenada"
"1359","KEN","Kenya","Garissa","Africa","Garissa, Kenya"
"4036","PNG","Papua New Guinea","East Sepik Province","Oceania","East Sepik Province, Papua New Guinea"
"3860","SVK","Slovakia","Banskobystrický kraj","Europe","Banskobystrický kraj, Slovakia"
"1188","COG","Congo","Cuvette","Africa","Cuvette, Congo"
"2170","PAN","Panama","Chiriquí","America","Chiriquí, Panama"
"3378","HRV","Croatia","Zagreb","Europe","Zagreb, Croatia"
"3754","MDA","Republic of Moldova","Floresti","Europe","Floresti, Republic of Moldova"
"1103","BFA","Burkina Faso","Centre","Africa","Centre, Burkina Faso"
"1561","REU","Réunion","Saint Paul","Africa","Saint Paul, Réunion"
"3876","SVN","Slovenia","Posavska","Europe","Posavska, Slovenia"
"3567","IMN","Isle of Man","Port Erin","Europe","Port Erin, Isle of Man"
"2333","USA","United States of America","New Mexico","America","New Mexico, United States of America"
"3748","MDA","Republic of Moldova","Criuleni","Europe","Criuleni, Republic of Moldova"
"3715","PRT","Portugal","Bragança","Europe","Bragança, Portugal"
"3362","HRV","Croatia","Gospić","Europe","Gospić, Croatia"
"2289","TTO","Trinidad And Tobago","Sangre Grande","America","Sangre Grande, Trinidad And Tobago"
"2694","IRQ","Iraq","Maysan","Asia","Maysan, Iraq"
"1193","COG","Congo","Niari","Africa","Niari, Congo"
"2905","PAK","Pakistan","Balochistan","Asia","Balochistan, Pakistan"
"3020","THA","Thailand","Kalasin","Asia","Kalasin, Thailand"
"1906","CHL","Chile","Región De Tarapacá","America","Región De Tarapacá, Chile"
"2696","IRQ","Iraq","Salah Al-Din","Asia","Salah Al-Din, Iraq"
"1452","MRT","Mauritania","Hodh Ech Chargi","Africa","Hodh Ech Chargi, Mauritania"
"2612","IND","India","Uttar Pradesh","Asia","Uttar Pradesh, India"
"1024","DZA","Algeria","Khenchela","Africa","Khenchela, Algeria"
"2893","NPL","Nepal","Sudurpaschim","Asia","Sudurpaschim, Nepal"
"2836","MYS","Malaysia","Sarawak","Asia","Sarawak, Malaysia"
"3164","TUR","Türkiye","Nigde","Asia","Nigde, Türkiye"
"1361","KEN","Kenya","Isiolo","Africa","Isiolo, Kenya"
"1152","CAF","Central African Republic","Bas-Oubangui","Africa","Bas-Oubangui, Central African Republic"
"2887","NPL","Nepal","Bagmati","Asia","Bagmati, Nepal"
"3438","FRA","France","Normandie","Europe","Normandie, France"
"2899","OMN","Oman","Al Wusta","Asia","Al Wusta, Oman"
"3947","UKR","Ukraine","Avtonomna Respublika Krym","Europe","Avtonomna Respublika Krym, Ukraine"
"3018","THA","Thailand","Chon Buri","Asia","Chon Buri, Thailand"
"3379","HRV","Croatia","Čakovec","Europe","Čakovec, Croatia"
"2432","xAC","Aksai Chin","Administrative Unit Not Available","Asia","Aksai Chin"
"2165","NIC","Nicaragua","Región Autónoma Atlántico Norte","America","Región Autónoma Atlántico Norte, Nicaragua"
"3801","ROU","Romania","Mehedinti","Europe","Mehedinti, Romania"
"1385","KEN","Kenya","Narok","Africa","Narok, Kenya"
"1485","MOZ","Mozambique","Cidade De Maputo","Africa","Cidade De Maputo, Mozambique"
"3083","THA","Thailand","Yasothon","Asia","Yasothon, Thailand"
"3990","PYF","Clipperton Island","Administrative Unit Not Available","Oceania","Clipperton Island"
"3320","BLR","Belarus","Gomel","Europe","Gomel, Belarus"
"2607","IND","India","Rajasthan","Asia","Rajasthan, India"
"1288","SWZ","Eswatini","Shiselweni","Africa","Shiselweni, Eswatini"
"1965","CUB","Cuba","Pinar Del Río","America","Pinar Del Río, Cuba"
"1365","KEN","Kenya","Kiambu","Africa","Kiambu, Kenya"
"2115","MTQ","Martinique","Le Marin","America","Le Marin, Martinique"
"4069","SLB","Solomon Islands","Honiara","Oceania","Honiara, Solomon Islands"
"2309","USA","United States of America","Delaware","America","Delaware, United States of America"
"2699","ISR","Israel","Central District","Asia","Central District, Israel"
"2161","NIC","Nicaragua","Managua","America","Managua, Nicaragua"
"2414","AFG","Afghanistan","Khost","Asia","Khost, Afghanistan"
"3982","AUS","Australia","Northern Territory","Oceania","Northern Territory, Australia"
"4008","FSM","Micronesia (Federated States of)","Yap","Oceania","Yap, Micronesia (Federated States of)"
"2389","VEN","Venezuela (Bolivarian Republic Of)","Miranda","America","Miranda, Venezuela (Bolivarian Republic Of)"
"3494","HUN","Hungary","Bacs Kiskun","Europe","Bacs Kiskun, Hungary"
"2533","CHN","China","Chongqing Municipality","Asia","Chongqing Municipality, China"
"2042","GTM","Guatemala","Chiquimula","America","Chiquimula, Guatemala"
"3418","EST","Estonia","Saare maakond","Europe","Saare maakond, Estonia"
"1349","xHT","Hala'Ib Triangle","Administrative Unit Not Available","Africa","Hala'Ib Triangle"
"1174","TCD","Chad","Mayo-Kebbi Ouest","Africa","Mayo-Kebbi Ouest, Chad"
"4081","TON","Tonga","Vava'u","Oceania","Vava'u, Tonga"
"3267","VNM","Viet Nam","Yen Bai","Asia","Yen Bai, Viet Nam"
"2324","USA","United States of America","Michigan","America","Michigan, United States of America"
"2581","IND","India","Bihar","Asia","Bihar, India"
"2536","CHN","China","Guangdong Province","Asia","Guangdong Province, China"
"3040","THA","Thailand","Nong Bua Lam Phu","Asia","Nong Bua Lam Phu, Thailand"
"3943","CHE","Switzerland","Valais","Europe","Valais, Switzerland"
"3053","THA","Thailand","Phrae","Asia","Phrae, Thailand"
"3769","MDA","Republic of Moldova","Taraclia","Europe","Taraclia, Republic of Moldova"
"1020","DZA","Algeria","Ghardaia","Africa","Ghardaia, Algeria"
"3043","THA","Thailand","Pathum Thani","Asia","Pathum Thani, Thailand"
"3342","BGR","Bulgaria","Pernik","Europe","Pernik, Bulgaria"
"1644","SDN","Sudan","White Nile","Africa","White Nile, Sudan"
"1749","ARG","Argentina","Catamarca","America","Catamarca, Argentina"
"1836","BOL","Bolivia (Plurinational State of)","Pando","America","Pando, Bolivia (Plurinational State of)"
"1741","ATG","Antigua And Barbuda","Redonda","America","Redonda, Antigua And Barbuda"
"1310","GAB","Gabon","Ogooue-Lolo","Africa","Ogooue-Lolo, Gabon"
"1250","EGY","Egypt","Cairo","Africa","Cairo, Egypt"
"1230","COD","Democratic Republic of the Congo","Nord-Ubangi","Africa","Nord-Ubangi, Democratic Republic of the Congo"
"2380","VEN","Venezuela (Bolivarian Republic Of)","Cojedes","America","Cojedes, Venezuela (Bolivarian Republic Of)"
"2015","SLV","El Salvador","Chalatenango","America","Chalatenango, El Salvador"
"1956","CUB","Cuba","Cienfuegos","America","Cienfuegos, Cuba"
"3892","ESP","Spain","Galicia","Europe","Galicia, Spain"
"1982","DOM","Dominican Republic","Cibao Sur","America","Cibao Sur, Dominican Republic"
"3437","FRA","France","Hauts-de-France","Europe","Hauts-de-France, France"
"3549","IMN","Isle of Man","Arbory","Europe","Arbory, Isle of Man"
"3322","BLR","Belarus","Minsk","Europe","Minsk, Belarus"
"1108","BFA","Burkina Faso","Est","Africa","Est, Burkina Faso"
"1765","ARG","Argentina","San Juan","America","San Juan, Argentina"
"3443","FRA","France","Île-de-France","Europe","Île-de-France, France"
"3513","HUN","Hungary","Zala","Europe","Zala, Hungary"
"3321","BLR","Belarus","Grodno","Europe","Grodno, Belarus"
"1130","BDI","Burundi","Rutana","Africa","Rutana, Burundi"
"1866","BRA","Brazil","Santa Catarina","America","Santa Catarina, Brazil"
"2211","PER","Peru","Junin","America","Junin, Peru"
"2992","SYR","Syrian Arab Republic","Dar'A","Asia","Dar'A, Syrian Arab Republic"
"3048","THA","Thailand","Phetchabun","Asia","Phetchabun, Thailand"
"1338","GIN","Guinea","Mamou","Africa","Mamou, Guinea"
"2108","JAM","Jamaica","Saint James","America","Saint James, Jamaica"
"2855","MDV","Maldives","Meemu","Asia","Meemu, Maldives"
"2839","MYS","Malaysia","W.P. Kuala Lumpur","Asia","W.P. Kuala Lumpur, Malaysia"
"4060","WSM","Samoa","Gaga'ifomauga","Oceania","Gaga'ifomauga, Samoa"
"1776","BHS","Bahamas","Black Point","America","Black Point, Bahamas"
"1038","DZA","Algeria","Sidi Bel Abbes","Africa","Sidi Bel Abbes, Algeria"
"3051","THA","Thailand","Phitsanulok","Asia","Phitsanulok, Thailand"
"1852","BRA","Brazil","Maranhão","America","Maranhão, Brazil"
"3471","DEU","Germany","Thüringen","Europe","Thüringen, Germany"
"3313","AUT","Austria","Oberösterre","Europe","Oberösterre, Austria"
"1290","ETH","Ethiopia","Afar","Africa","Afar, Ethiopia"
"2861","MDV","Maldives","Vaavu","Asia","Vaavu, Maldives"
"2401","AFG","Afghanistan","Balkh","Asia","Balkh, Afghanistan"
"1509","NER","Niger","Agadez","Africa","Agadez, Niger"
"2572","PRK","Democratic People's Republic of Korea","South Hamgyong","Asia","South Hamgyong, Democratic People's Republic of Korea"
"3900","SWE","Sweden","Blekinge","Europe","Blekinge, Sweden"
"3387","CYP","Cyprus","Pafos","Europe","Pafos, Cyprus"
"1203","CIV","Côte D'Ivoire","Lacs","Africa","Lacs, Côte D'Ivoire"
"4003","KIR","Kiribati","Southern","Oceania","Southern, Kiribati"
"1635","SDN","Sudan","North Kordofan","Africa","North Kordofan, Sudan"
"2154","NIC","Nicaragua","Chinandega","America","Chinandega, Nicaragua"
"2167","NIC","Nicaragua","Rivas","America","Rivas, Nicaragua"
"1082","BEN","Benin","Zou","Africa","Zou, Benin"
"3590","ITA","Italy","Valle d'Aosta","Europe","Valle d'Aosta, Italy"
"1631","SDN","Sudan","Gedaref","Africa","Gedaref, Sudan"
"3582","ITA","Italy","Molise","Europe","Molise, Italy"
"3064","THA","Thailand","Samut Sakhon","Asia","Samut Sakhon, Thailand"
"1095","BWA","Botswana","Orapa","Africa","Orapa, Botswana"
"1257","EGY","Egypt","Kafr El-Shikh","Africa","Kafr El-Shikh, Egypt"
"1991","ECU","Ecuador","Canar","America","Canar, Ecuador"
"1043","DZA","Algeria","Tiaret","Africa","Tiaret, Algeria"
"2698","IRQ","Iraq","Wassit","Asia","Wassit, Iraq"
"1730","ZWE","Zimbabwe","Midlands","Africa","Midlands, Zimbabwe"
"1134","CPV","Cabo Verde","Brava","Africa","Brava, Cabo Verde"
"1054","AGO","Angola","Cuanza Norte","Africa","Cuanza Norte, Angola"
"1421","LBR","Liberia","Nimba","Africa","Nimba, Liberia"
"2761","JOR","Jordan","Madaba","Asia","Madaba, Jordan"
"1166","TCD","Chad","Hadjer Lamis","Africa","Hadjer Lamis, Chad"
"2337","USA","United States of America","Ohio","America","Ohio, United States of America"
"2636","IDN","Indonesia","Nusa Tenggara Barat","Asia","Nusa Tenggara Barat, Indonesia"
"1697","TZA","United Republic of Tanzania","Morogoro","Africa","Morogoro, United Republic of Tanzania"
"3449","GEO","Georgia","Kvemo Kartli","Europe","Kvemo Kartli, Georgia"
"3610","LIE","Liechtenstein","Eschen","Europe","Eschen, Liechtenstein"
"1821","BLZ","Belize","Toledo","America","Toledo, Belize"
"3524","IRL","Ireland","Clare","Europe","Clare, Ireland"
"1960","CUB","Cuba","Isla De La Juventud","America","Isla De La Juventud, Cuba"
"2950","KOR","Republic Of Korea","Seoul","Asia","Seoul, Republic Of Korea"
"1144","CMR","Cameroon","Est","Africa","Est, Cameroon"
"1388","KEN","Kenya","Nyeri","Africa","Nyeri, Kenya"
"1071","BEN","Benin","Alibori","Africa","Alibori, Benin"
"3193","UZB","Uzbekistan","Dzhizak","Asia","Dzhizak, Uzbekistan"
"3572","ITA","Italy","Abruzzo","Europe","Abruzzo, Italy"
"2807","LAO","Lao People's Democratic Republic","Louangphabang","Asia","Louangphabang, Lao People's Democratic Republic"
"1767","ARG","Argentina","Santa Cruz","America","Santa Cruz, Argentina"
"2545","CHN","China","Inner Mongolia Autonomous Region","Asia","Inner Mongolia Autonomous Region, China"
"1379","KEN","Kenya","Migori","Africa","Migori, Kenya"
"1995","ECU","Ecuador","El Oro","America","El Oro, Ecuador"
"2300","VIR","United States Virgin Islands","St. John","America","St. John, United States Virgin Islands"
"3469","DEU","Germany","Sachsen-Anhalt","Europe","Sachsen-Anhalt, Germany"
"1178","TCD","Chad","Salamat","Africa","Salamat, Chad"
"3824","RUS","Russian Federation","Waterbody","Europe","Waterbody, Russian Federation"
"1402","LSO","Lesotho","Leribe","Africa","Leribe, Lesotho"
"2056","GTM","Guatemala","Santa Rosa","America","Santa Rosa, Guatemala"
"2593","IND","India","Himachal Pradesh","Asia","Himachal Pradesh, India"
"2629","IDN","Indonesia","Kalimantan Timur","Asia","Kalimantan Timur, Indonesia"
"2782","KAZ","Kazakhstan","Turkistan Region","Asia","Turkistan Region, Kazakhstan"
"2026","SLV","El Salvador","Usulután","America","Usulután, El Salvador"
"3803","ROU","Romania","Neamt","Europe","Neamt, Romania"
"3283","YEM","Yemen","Raymah","Asia","Raymah, Yemen"
"3510","HUN","Hungary","Tolna","Europe","Tolna, Hungary"
"2832","MYS","Malaysia","Perak","Asia","Perak, Malaysia"
"2186","PRY","Paraguay","Boquerón","America","Boquerón, Paraguay"
"2376","VEN","Venezuela (Bolivarian Republic Of)","Aragua","America","Aragua, Venezuela (Bolivarian Republic Of)"
"2875","MNG","Mongolia","Orkhon","Asia","Orkhon, Mongolia"
"3616","LIE","Liechtenstein","Schellenberg","Europe","Schellenberg, Liechtenstein"
"2520","KHM","Cambodia","Preah Vihear","Asia","Preah Vihear, Cambodia"
"2577","IND","India","Andaman & Nicobar","Asia","Andaman & Nicobar, India"
"3580","ITA","Italy","Lombardia","Europe","Lombardia, Italy"
"1248","EGY","Egypt","Behera","Africa","Behera, Egypt"
"4086","TUV","Tuvalu","Niutao","Oceania","Niutao, Tuvalu"
"3973","GBR","United Kingdom of Great Britain and Northern Ireland","England","Europe","England, United Kingdom of Great Britain and Northern Ireland"
"1843","BRA","Brazil","Acre","America","Acre, Brazil"
"1847","BRA","Brazil","Bahia","America","Bahia, Brazil"
"1059","AGO","Angola","Luanda","Africa","Luanda, Angola"
"2791","KWT","Kuwait","Hawalli","Asia","Hawalli, Kuwait"
"3917","SWE","Sweden","Västmanland","Europe","Västmanland, Sweden"
"1890","CAN","Canada","Yukon","America","Yukon, Canada"
"4095","UMI","United States Minor Outlying Islands","Kingman Reef","Oceania","Kingman Reef, United States Minor Outlying Islands"
"2127","MEX","Mexico","Guanajuato","America","Guanajuato, Mexico"
"3062","THA","Thailand","Sakon Nakhon","Asia","Sakon Nakhon, Thailand"
"2633","IDN","Indonesia","Lampung","Asia","Lampung, Indonesia"
"3591","ITA","Italy","Veneto","Europe","Veneto, Italy"
"3255","VNM","Viet Nam","Soc Trang","Asia","Soc Trang, Viet Nam"
"1833","BOL","Bolivia (Plurinational State of)","Cochabamba","America","Cochabamba, Bolivia (Plurinational State of)"
"1575","SEN","Senegal","Saint-Louis","Africa","Saint-Louis, Senegal"
"2208","PER","Peru","Huancavelica","America","Huancavelica, Peru"
"2215","PER","Peru","Loreto","America","Loreto, Peru"
"4096","UMI","United States Minor Outlying Islands","Midway Islands","Oceania","Midway Islands, United States Minor Outlying Islands"
"1495","NAM","Namibia","Erongo","Africa","Erongo, Namibia"
"1933","COL","Colombia","Narino","America","Narino, Colombia"
"2654","IRN","Iran (Islamic Republic Of)","Fars","Asia","Fars, Iran (Islamic Republic Of)"
"1441","MLI","Mali","Koulikoro","Africa","Koulikoro, Mali"
"1668","TUN","Tunisia","Sidi Bouzid","Africa","Sidi Bouzid, Tunisia"
"1329","GHA","Ghana","Volta","Africa","Volta, Ghana"
"2261","VCT","Saint Vincent and the Grenadines","Charlotte","America","Charlotte, Saint Vincent and the Grenadines"
"3659","MNE","Montenegro","Ulcinj","Europe","Ulcinj, Montenegro"
"3765","MDA","Republic of Moldova","Soldanesti","Europe","Soldanesti, Republic of Moldova"
"4099","VUT","Vanuatu","Malampa - Rural","Oceania","Malampa - Rural, Vanuatu"
"3180","TUR","Türkiye","Van","Asia","Van, Türkiye"
"3907","SWE","Sweden","Kalmar","Europe","Kalmar, Sweden"
"3059","THA","Thailand","Rayong","Asia","Rayong, Thailand"
"1708","TZA","United Republic of Tanzania","Tabora","Africa","Tabora, United Republic of Tanzania"
"1098","BWA","Botswana","Southern","Africa","Southern, Botswana"
"1412","LBR","Liberia","Gbarpolu","Africa","Gbarpolu, Liberia"
"3238","VNM","Viet Nam","Kon Tum","Asia","Kon Tum, Viet Nam"
"1862","BRA","Brazil","Rio Grande Do Norte","America","Rio Grande Do Norte, Brazil"
"1731","AIA","Anguilla","Blowing Point","America","Blowing Point, Anguilla"
"3823","RUS","Russian Federation","Volga Federal District","Europe","Volga Federal District, Russian Federation"
"1981","DOM","Dominican Republic","Cibao Norte","America","Cibao Norte, Dominican Republic"
"3668","NLD","Netherlands (Kingdom of the)","Noord-Holland","Europe","Noord-Holland, Netherlands (Kingdom of the)"
"2758","JOR","Jordan","Jarash","Asia","Jarash, Jordan"
"3928","CHE","Switzerland","Genève","Europe","Genève, Switzerland"
"2795","KGZ","Kyrgyzstan","Issyk-Kul","Asia","Issyk-Kul, Kyrgyzstan"
"2642","IDN","Indonesia","Sulawesi Selatan","Asia","Sulawesi Selatan, Indonesia"
"1540","NGA","Nigeria","Kwara","Africa","Kwara, Nigeria"
"3450","GEO","Georgia","Mtskheta-Mtianeti","Europe","Mtskheta-Mtianeti, Georgia"
"2888","NPL","Nepal","Gandaki","Asia","Gandaki, Nepal"
"3224","VNM","Viet Nam","Dong Thap","Asia","Dong Thap, Viet Nam"
"2537","CHN","China","Guangxi Zhuang Autonomous Region","Asia","Guangxi Zhuang Autonomous Region, China"
"2462","BHR","Bahrain","Hawar Island","Asia","Hawar Island, Bahrain"
"2303","USA","United States of America","Alaska","America","Alaska, United States of America"
"2064","GUY","Guyana","East Berbice-Corentyne","America","East Berbice-Corentyne, Guyana"
"3088","TLS","Timor-Leste","Covalima","Asia","Covalima, Timor-Leste"
"2542","CHN","China","Henan Province","Asia","Henan Province, China"
"2531","CHN","China","Anhui Province","Asia","Anhui Province, China"
"3013","THA","Thailand","Chai Nat","Asia","Chai Nat, Thailand"
"1473","MYT","Mayotte","Administrative Unit Not Available","Africa","Mayotte"
"4074","SLB","Solomon Islands","Temotu","Oceania","Temotu, Solomon Islands"
"2864","MNG","Mongolia","Bayankhongor","Asia","Bayankhongor, Mongolia"
"3149","TUR","Türkiye","Kayseri","Asia","Kayseri, Türkiye"
"3366","HRV","Croatia","Krapina","Europe","Krapina, Croatia"
"1769","ARG","Argentina","Santiago Del Estero","America","Santiago Del Estero, Argentina"
"1141","CPV","Cabo Verde","Sao Vicente","Africa","Sao Vicente, Cabo Verde"
"2711","JPN","Japan","Fukui","Asia","Fukui, Japan"
"2957","SAU","Saudi Arabia","Ar Riyad","Asia","Ar Riyad, Saudi Arabia"
"3430","FIN","Finland","Pohjois-Suomen aluehallintovirasto","Europe","Pohjois-Suomen aluehallintovirasto, Finland"
"2346","USA","United States of America","Utah","America","Utah, United States of America"
"2207","PER","Peru","Cusco","America","Cusco, Peru"
"1396","KEN","Kenya","Uasin Gishu","Africa","Uasin Gishu, Kenya"
"3422","EST","Estonia","Võru maakond","Europe","Võru maakond, Estonia"
"2201","PER","Peru","Ancash","America","Ancash, Peru"
"2889","NPL","Nepal","Karnali","Asia","Karnali, Nepal"
"3129","TUR","Türkiye","Duzce","Asia","Duzce, Türkiye"
"1209","CIV","Côte D'Ivoire","Woroba","Africa","Woroba, Côte D'Ivoire"
"2391","VEN","Venezuela (Bolivarian Republic Of)","Nueva Esparta","America","Nueva Esparta, Venezuela (Bolivarian Republic Of)"
"2375","VEN","Venezuela (Bolivarian Republic Of)","Apure","America","Apure, Venezuela (Bolivarian Republic Of)"
"1149","CMR","Cameroon","Ouest","Africa","Ouest, Cameroon"
"2526","KHM","Cambodia","Svay Rieng","Asia","Svay Rieng, Cambodia"
"3016","THA","Thailand","Chiang Mai","Asia","Chiang Mai, Thailand"
"4026","NZL","New Zealand","Wellington Region","Oceania","Wellington Region, New Zealand"
"2264","VCT","Saint Vincent and the Grenadines","Saint David","America","Saint David, Saint Vincent and the Grenadines"
"2012","ECU","Ecuador","Zamora Chinchipe","America","Zamora Chinchipe, Ecuador"
"2944","KOR","Republic Of Korea","Kang-Won-Do","Asia","Kang-Won-Do, Republic Of Korea"
"1684","TZA","United Republic of Tanzania","Kagera","Africa","Kagera, United Republic of Tanzania"
"1159","TCD","Chad","Barh-El-Gazel","Africa","Barh-El-Gazel, Chad"
"2188","PRY","Paraguay","Caazapá","America","Caazapá, Paraguay"
"3704","POL","Poland","Podlaskie","Europe","Podlaskie, Poland"
"2716","JPN","Japan","Hiroshima","Asia","Hiroshima, Japan"
"3165","TUR","Türkiye","Ordu","Asia","Ordu, Türkiye"
"1870","VGB","British Virgin Islands","Anegada","America","Anegada, British Virgin Islands"
"1242","DJI","Djibouti","Obock","Africa","Obock, Djibouti"
"2178","PAN","Panama","Ngöbe Buglé","America","Ngöbe Buglé, Panama"
"1861","BRA","Brazil","Rio De Janeiro","America","Rio De Janeiro, Brazil"
"3504","HUN","Hungary","Jasz Nagykun Szolnok","Europe","Jasz Nagykun Szolnok, Hungary"
"1716","ZMB","Zambia","Muchiga","Africa","Muchiga, Zambia"
"3385","CYP","Cyprus","Lefkosia","Europe","Lefkosia, Cyprus"
"3703","POL","Poland","Podkarpackie","Europe","Podkarpackie, Poland"
"3247","VNM","Viet Nam","Ninh Thuan","Asia","Ninh Thuan, Viet Nam"
"1778","BHS","Bahamas","Central Abaco","America","Central Abaco, Bahamas"
"1600","SOM","Somalia","Middle Shabelle","Africa","Middle Shabelle, Somalia"
"3218","VNM","Viet Nam","Cao Bang","Asia","Cao Bang, Viet Nam"
"3897","ESP","Spain","Principado de Asturias","Europe","Principado de Asturias, Spain"
"1534","NGA","Nigeria","Jigawa","Africa","Jigawa, Nigeria"
"3276","YEM","Yemen","Amran","Asia","Amran, Yemen"
"3416","EST","Estonia","Põlva maakond","Europe","Põlva maakond, Estonia"
"3570","IMN","Isle of Man","Rushen","Europe","Rushen, Isle of Man"
"2703","ISR","Israel","Southern District","Asia","Southern District, Israel"
"3514","ISL","Iceland","Austurland","Europe","Austurland, Iceland"
"2792","KWT","Kuwait","Mubarak Al-Kabeer","Asia","Mubarak Al-Kabeer, Kuwait"
"3280","YEM","Yemen","Ibb","Asia","Ibb, Yemen"
"2724","JPN","Japan","Kanagawa","Asia","Kanagawa, Japan"
"1810","BRB","Barbados","Saint Joseph","America","Saint Joseph, Barbados"
"1231","COD","Democratic Republic of the Congo","Sankuru","Africa","Sankuru, Democratic Republic of the Congo"
"2131","MEX","Mexico","Michoacán De Ocampo","America","Michoacán De Ocampo, Mexico"
"1840","BES","Bonaire, Sint Eustatius And Saba","Bonaire","America","Bonaire, Bonaire, Sint Eustatius And Saba"
"2987","SYR","Syrian Arab Republic","Al-Hasakeh","Asia","Al-Hasakeh, Syrian Arab Republic"
"3709","POL","Poland","Łódzkie","Europe","Łódzkie, Poland"
"1025","DZA","Algeria","Laghouat","Africa","Laghouat, Algeria"
"2503","BRN","Brunei Darussalam","Tutong","Asia","Tutong, Brunei Darussalam"
"1298","ETH","Ethiopia","Snnp","Africa","Snnp, Ethiopia"
"1665","TUN","Tunisia","Monastir","Africa","Monastir, Tunisia"
"2440","ARM","Armenia","Syunik","Asia","Syunik, Armenia"
"3323","BLR","Belarus","Minsk City","Europe","Minsk City, Belarus"
"3789","ROU","Romania","Covasna","Europe","Covasna, Romania"
"2488","BTN","Bhutan","Pemagatshel","Asia","Pemagatshel, Bhutan"
"1760","ARG","Argentina","Mendoza","America","Mendoza, Argentina"
"2383","VEN","Venezuela (Bolivarian Republic Of)","Falcon","America","Falcon, Venezuela (Bolivarian Republic Of)"
"1258","EGY","Egypt","Kalyoubia","Africa","Kalyoubia, Egypt"
"1876","VGB","British Virgin Islands","Virgin Gorda","America","Virgin Gorda, British Virgin Islands"
"1669","TUN","Tunisia","Siliana","Africa","Siliana, Tunisia"
"3730","PRT","Portugal","Porto","Europe","Porto, Portugal"
"1207","CIV","Côte D'Ivoire","Savanes","Africa","Savanes, Côte D'Ivoire"
"1694","TZA","United Republic of Tanzania","Mara","Africa","Mara, United Republic of Tanzania"
"2850","MDV","Maldives","Haa Dhaalu","Asia","Haa Dhaalu, Maldives"
"2426","AFG","Afghanistan","Parwan","Asia","Parwan, Afghanistan"
"1530","NGA","Nigeria","Enugu","Africa","Enugu, Nigeria"
"1205","CIV","Côte D'Ivoire","Montagnes","Africa","Montagnes, Côte D'Ivoire"
"2639","IDN","Indonesia","Papua Barat","Asia","Papua Barat, Indonesia"
"4097","UMI","United States Minor Outlying Islands","Palmyra Atoll","Oceania","Palmyra Atoll, United States Minor Outlying Islands"
"1137","CPV","Cabo Verde","Sal","Africa","Sal, Cabo Verde"
"3082","THA","Thailand","Yala","Asia","Yala, Thailand"
"2780","KAZ","Kazakhstan","Pavlodar Region","Asia","Pavlodar Region, Kazakhstan"
"1923","COL","Colombia","Cesar","America","Cesar, Colombia"
"2214","PER","Peru","Lima","America","Lima, Peru"
"3846","SRB","Serbia","Sremski","Europe","Sremski, Serbia"
"3370","HRV","Croatia","Rijeka","Europe","Rijeka, Croatia"
"1976","DMA","Dominica","St. Patrick","America","St. Patrick, Dominica"
"1999","ECU","Ecuador","Imbabura","America","Imbabura, Ecuador"
"1937","COL","Colombia","Quindio","America","Quindio, Colombia"
"2050","GTM","Guatemala","Petén","America","Petén, Guatemala"
"3468","DEU","Germany","Sachsen","Europe","Sachsen, Germany"
"3412","EST","Estonia","Jõgeva maakond","Europe","Jõgeva maakond, Estonia"
"3744","MDA","Republic of Moldova","Cantemir","Europe","Cantemir, Republic of Moldova"
"2740","JPN","Japan","Shiga","Asia","Shiga, Japan"
"2860","MDV","Maldives","Thaa","Asia","Thaa, Maldives"
"1984","DOM","Dominican Republic","Enriquillo","America","Enriquillo, Dominican Republic"
"2502","BRN","Brunei Darussalam","Temburong","Asia","Temburong, Brunei Darussalam"
"3726","PRT","Portugal","Ilha do Pico","Europe","Ilha do Pico, Portugal"
"1880","CAN","Canada","New Brunswick / Nouveau-Brunswick","America","New Brunswick / Nouveau-Brunswick, Canada"
"1270","EGY","Egypt","Suez","Africa","Suez, Egypt"
"3926","CHE","Switzerland","Bern","Europe","Bern, Switzerland"
"1275","GNQ","Equatorial Guinea","Centro Sur","Africa","Centro Sur, Equatorial Guinea"
"1065","AGO","Angola","Uíge","Africa","Uíge, Angola"
"2842","MDV","Maldives","Alifu Alifu","Asia","Alifu Alifu, Maldives"
"3420","EST","Estonia","Valga maakond","Europe","Valga maakond, Estonia"
"2808","LAO","Lao People's Democratic Republic","Oudomxai","Asia","Oudomxai, Lao People's Democratic Republic"
"1882","CAN","Canada","Northwest Territories / Territoires Du Nord-Ouest","America","Northwest Territories / Territoires Du Nord-Ouest, Canada"
"1807","BRB","Barbados","Saint George","America","Saint George, Barbados"
"2983","LKA","Sri Lanka","Sabaragamuwa","Asia","Sabaragamuwa, Sri Lanka"
"2764","JOR","Jordan","Zarqa","Asia","Zarqa, Jordan"
"3292","ALB","Albania","Diber","Europe","Diber, Albania"
"3888","ESP","Spain","Comunidad Foral de Navarra","Europe","Comunidad Foral de Navarra, Spain"
"3899","SJM","Svalbard and Jan Mayen Islands","Administrative Unit Not Available","Europe","Svalbard and Jan Mayen Islands"
"1111","BFA","Burkina Faso","Plateau-Central","Africa","Plateau-Central, Burkina Faso"
"1571","SEN","Senegal","Kédougou","Africa","Kédougou, Senegal"
"3060","THA","Thailand","Roi Et","Asia","Roi Et, Thailand"
"3245","VNM","Viet Nam","Nghe An","Asia","Nghe An, Viet Nam"
"1343","GNB","Guinea-Bissau","Cacheu","Africa","Cacheu, Guinea-Bissau"
"2837","MYS","Malaysia","Selangor","Asia","Selangor, Malaysia"
"2960","SAU","Saudi Arabia","Hail","Asia","Hail, Saudi Arabia"
"1617","SSD","South Sudan","Central Equatoria","Africa","Central Equatoria, South Sudan"
"1978","DMA","Dominica","St. Peter","America","St. Peter, Dominica"
"1000","xAB","Abyei","Administrative Unit Not Available","Africa","Abyei"
"2579","IND","India","Arunchal Pradesh","Asia","Arunchal Pradesh, India"
"3578","ITA","Italy","Lazio","Europe","Lazio, Italy"
"3092","TLS","Timor-Leste","Liquiçá","Asia","Liquiçá, Timor-Leste"
"3850","SRB","Serbia","Zlatiborski","Europe","Zlatiborski, Serbia"
"2601","IND","India","Meghalaya","Asia","Meghalaya, India"
"3065","THA","Thailand","Samut Songkhram","Asia","Samut Songkhram, Thailand"
"2417","AFG","Afghanistan","Laghman","Asia","Laghman, Afghanistan"
"1541","NGA","Nigeria","Lagos","Africa","Lagos, Nigeria"
"1081","BEN","Benin","Plateau","Africa","Plateau, Benin"
"1469","MUS","Mauritius","Port-Louis","Africa","Port-Louis, Mauritius"
"2818","LBN","Lebanon","Akkar","Asia","Akkar, Lebanon"
"3109","TUR","Türkiye","Ankara","Asia","Ankara, Türkiye"
"2225","PRI","Puerto Rico","Aguadilla","America","Aguadilla, Puerto Rico"
"3626","LTU","Lithuania","Telšių apskr.","Europe","Telšių apskr., Lithuania"
"3852","SXM","Sint Maarten (Dutch part)","Cole Bay","Europe","Cole Bay, Sint Maarten (Dutch part)"
"1239","DJI","Djibouti","Arta","Africa","Arta, Djibouti"
"1006","DZA","Algeria","Batna","Africa","Batna, Algeria"
"2518","KHM","Cambodia","Phnom Penh","Asia","Phnom Penh, Cambodia"
"3317","AUT","Austria","Vorarlberg","Europe","Vorarlberg, Austria"
"3360","HRV","Croatia","Bjelovar","Europe","Bjelovar, Croatia"
"3664","NLD","Netherlands (Kingdom of the)","Gelderland","Europe","Gelderland, Netherlands (Kingdom of the)"
"2387","VEN","Venezuela (Bolivarian Republic Of)","Lara","America","Lara, Venezuela (Bolivarian Republic Of)"
"1422","LBR","Liberia","River Gee","Africa","River Gee, Liberia"
"1762","ARG","Argentina","Neuquén","America","Neuquén, Argentina"
"2325","USA","United States of America","Minnesota","America","Minnesota, United States of America"
"1123","BDI","Burundi","Mairie De Bujumbura","Africa","Mairie De Bujumbura, Burundi"
"3920","SWE","Sweden","Östergötland","Europe","Östergötland, Sweden"
"1090","BWA","Botswana","Kgatleng","Africa","Kgatleng, Botswana"
"3007","THA","Thailand","Amnat Charoen","Asia","Amnat Charoen, Thailand"
"3621","LTU","Lithuania","Kauno apskr.","Europe","Kauno apskr., Lithuania"
"2425","AFG","Afghanistan","Panjsher","Asia","Panjsher, Afghanistan"
"2617","IDN","Indonesia","Banten","Asia","Banten, Indonesia"
"2625","IDN","Indonesia","Jawa Timur","Asia","Jawa Timur, Indonesia"
"1948","CRI","Costa Rica","Guanacaste","America","Guanacaste, Costa Rica"
"2900","OMN","Oman","Ash Sharqiyah North","Asia","Ash Sharqiyah North, Oman"
"2216","PER","Peru","Madre De Dios","America","Madre De Dios, Peru"
"2067","GUY","Guyana","Pomeroon-Supenaam","America","Pomeroon-Supenaam, Guyana"
"1980","DOM","Dominican Republic","Cibao Noroeste","America","Cibao Noroeste, Dominican Republic"
"1307","GAB","Gabon","Ngounie","Africa","Ngounie, Gabon"
"3784","ROU","Romania","Buzau","Europe","Buzau, Romania"
"1182","TCD","Chad","Wadi Fira","Africa","Wadi Fira, Chad"
"2490","BTN","Bhutan","Samdrupjongkhar","Asia","Samdrupjongkhar, Bhutan"
"1587","SLE","Sierra Leone","Southern","Africa","Southern, Sierra Leone"
"3358","BGR","Bulgaria","Vratsa","Europe","Vratsa, Bulgaria"
"1066","AGO","Angola","Zaire","Africa","Zaire, Angola"
"2812","LAO","Lao People's Democratic Republic","Vientiane","Asia","Vientiane, Lao People's Democratic Republic"
"1223","COD","Democratic Republic of the Congo","Kwilu","Africa","Kwilu, Democratic Republic of the Congo"
"1399","KEN","Kenya","West Pokot","Africa","West Pokot, Kenya"
"3189","ARE","United Arab Emirates","Sharjah","Asia","Sharjah, United Arab Emirates"
"2280","TTO","Trinidad And Tobago","Couva-Tabaquite-Talparo","America","Couva-Tabaquite-Talparo, Trinidad And Tobago"
"3477","GRC","Greece","Makedonias Thrakis","Europe","Makedonias Thrakis, Greece"
"2644","IDN","Indonesia","Sulawesi Tenggara","Asia","Sulawesi Tenggara, Indonesia"
"3235","VNM","Viet Nam","Hung Yen","Asia","Hung Yen, Viet Nam"
"1931","COL","Colombia","Magdalena","America","Magdalena, Colombia"
"1042","DZA","Algeria","Tebessa","Africa","Tebessa, Algeria"
"3395","CZE","Czechia","Pardubický","Europe","Pardubický, Czechia"
"1705","TZA","United Republic of Tanzania","Simiyu","Africa","Simiyu, United Republic of Tanzania"
"2913","PHL","Philippines","Autonomous Region In Muslim Mindanao (Armm)","Asia","Autonomous Region In Muslim Mindanao (Armm), Philippines"
"1632","SDN","Sudan","Kassala","Africa","Kassala, Sudan"
"1214","COD","Democratic Republic of the Congo","Haut-Lomami","Africa","Haut-Lomami, Democratic Republic of the Congo"
"3107","TUR","Türkiye","Aksaray","Asia","Aksaray, Türkiye"
"2930","QAT","Qatar","Al Daayen Municipality","Asia","Al Daayen Municipality, Qatar"
"3125","TUR","Türkiye","Cankiri","Asia","Cankiri, Türkiye"
"1496","NAM","Namibia","Hardap","Africa","Hardap, Namibia"
"1922","COL","Colombia","Cauca","America","Cauca, Colombia"
"3843","SRB","Serbia","Severno-Banatski","Europe","Severno-Banatski, Serbia"
"2111","JAM","Jamaica","Trelawny","America","Trelawny, Jamaica"
"3226","VNM","Viet Nam","Ha Giang","Asia","Ha Giang, Viet Nam"
"3875","SVN","Slovenia","Pomurska","Europe","Pomurska, Slovenia"
"2851","MDV","Maldives","Kaafu","Asia","Kaafu, Maldives"
"1150","CMR","Cameroon","Sud","Africa","Sud, Cameroon"
"1957","CUB","Cuba","Granma","America","Granma, Cuba"
"2168","NIC","Nicaragua","Río San Juan","America","Río San Juan, Nicaragua"
"2573","PRK","Democratic People's Republic of Korea","South Hwanghae","Asia","South Hwanghae, Democratic People's Republic of Korea"
"3632","LUX","Luxembourg","Luxembourg","Europe","Luxembourg, Luxembourg"
"2876","MNG","Mongolia","Selenge","Asia","Selenge, Mongolia"
"3932","CHE","Switzerland","Luzern","Europe","Luzern, Switzerland"
"1829","BMU","Bermuda","Southampton","America","Southampton, Bermuda"
"2323","USA","United States of America","Massachusetts","America","Massachusetts, United States of America"
"2294","TCA","Turks And Caicos Islands","Middle Caicos","America","Middle Caicos, Turks And Caicos Islands"
"3151","TUR","Türkiye","Kirikkale","Asia","Kirikkale, Türkiye"
"2676","IRN","Iran (Islamic Republic Of)","Tehran","Asia","Tehran, Iran (Islamic Republic Of)"
"1903","CHL","Chile","Región De Los Lagos","America","Región De Los Lagos, Chile"
"3127","TUR","Türkiye","Denizli","Asia","Denizli, Türkiye"
"2927","PHL","Philippines","Region Xi (Davao Region)","Asia","Region Xi (Davao Region), Philippines"
"3339","BGR","Bulgaria","Lovech","Europe","Lovech, Bulgaria"
"1947","CRI","Costa Rica","Cartago","America","Cartago, Costa Rica"
"4087","TUV","Tuvalu","Nui","Oceania","Nui, Tuvalu"
"1942","COL","Colombia","Tolima","America","Tolima, Colombia"
"1676","UGA","Uganda","Eastern","Africa","Eastern, Uganda"
"1280","ERI","Eritrea","Debub","Africa","Debub, Eritrea"
"3808","ROU","Romania","Sibiu","Europe","Sibiu, Romania"
"4001","KIR","Kiribati","Northern","Oceania","Northern, Kiribati"
"1051","AGO","Angola","Bié","Africa","Bié, Angola"
"2846","MDV","Maldives","Faafu","Asia","Faafu, Maldives"
"3770","MDA","Republic of Moldova","Telenesti","Europe","Telenesti, Republic of Moldova"
"1194","COG","Congo","Plateaux","Africa","Plateaux, Congo"
"2759","JOR","Jordan","Karak","Asia","Karak, Jordan"
"2483","BTN","Bhutan","Gasa","Asia","Gasa, Bhutan"
"3955","UKR","Ukraine","Khersonska","Europe","Khersonska, Ukraine"
"2082","HND","Honduras","Choluteca","America","Choluteca, Honduras"
"3556","IMN","Isle of Man","Jurby","Europe","Jurby, Isle of Man"
"3988","AUS","Australia","Western Australia","Oceania","Western Australia, Australia"
"2523","KHM","Cambodia","Ratanak Kiri","Asia","Ratanak Kiri, Cambodia"
"3181","TUR","Türkiye","Yalova","Asia","Yalova, Türkiye"
"3950","UKR","Ukraine","Chernivetska","Europe","Chernivetska, Ukraine"
"1018","DZA","Algeria","El Oued","Africa","El Oued, Algeria"
"1404","LSO","Lesotho","Maseru","Africa","Maseru, Lesotho"
"1106","BFA","Burkina Faso","Centre-Ouest","Africa","Centre-Ouest, Burkina Faso"
"2160","NIC","Nicaragua","Madriz","America","Madriz, Nicaragua"
"1787","BHS","Bahamas","Hope Town","America","Hope Town, Bahamas"
"1069","SHN","Ascension, Saint Helena and Tristan da Cunha","Tristan Da Cunha","Africa","Tristan Da Cunha, Ascension, Saint Helena and Tristan da Cunha"
"3212","VNM","Viet Nam","Binh Dinh","Asia","Binh Dinh, Viet Nam"
"1652","TUN","Tunisia","Beja","Africa","Beja, Tunisia"
"3919","SWE","Sweden","Örebro","Europe","Örebro, Sweden"
"4083","TUV","Tuvalu","Nanumaga","Oceania","Nanumaga, Tuvalu"
"2410","AFG","Afghanistan","Jawzjan","Asia","Jawzjan, Afghanistan"
"4019","NZL","New Zealand","Nelson Region","Oceania","Nelson Region, New Zealand"
"3413","EST","Estonia","Lääne maakond","Europe","Lääne maakond, Estonia"
"2677","IRN","Iran (Islamic Republic Of)","Waterbody","Asia","Waterbody, Iran (Islamic Republic Of)"
"2377","VEN","Venezuela (Bolivarian Republic Of)","Barinas","America","Barinas, Venezuela (Bolivarian Republic Of)"
"2217","PER","Peru","Moquegua","America","Moquegua, Peru"
"2272","SUR","Suriname","Nickerie","America","Nickerie, Suriname"
"2530","IOT","Chagos Archipelagio","Administrative Unit Not Available","Asia","Chagos Archipelagio"
"3869","SVN","Slovenia","Goriška","Europe","Goriška, Slovenia"
"3890","ESP","Spain","Comunitat Valenciana","Europe","Comunitat Valenciana, Spain"
"1363","KEN","Kenya","Kakamega","Africa","Kakamega, Kenya"
"1602","SOM","Somalia","Nugaal","Africa","Nugaal, Somalia"
"1147","CMR","Cameroon","Nord","Africa","Nord, Cameroon"
"2738","JPN","Japan","Saga","Asia","Saga, Japan"
"1808","BRB","Barbados","Saint James","America","Saint James, Barbados"
"3250","VNM","Viet Nam","Quang Binh","Asia","Quang Binh, Viet Nam"
"2013","SLV","El Salvador","Ahuachapán","America","Ahuachapán, El Salvador"
"1262","EGY","Egypt","Menoufia","Africa","Menoufia, Egypt"
"1724","ZWE","Zimbabwe","Mashonaland Central","Africa","Mashonaland Central, Zimbabwe"
"2357","URY","Uruguay","Colonia","America","Colonia, Uruguay"
"1837","BOL","Bolivia (Plurinational State of)","Potosí","America","Potosí, Bolivia (Plurinational State of)"
"1449","MRT","Mauritania","Dakhlet-Nouadhibou","Africa","Dakhlet-Nouadhibou, Mauritania"
"2135","MEX","Mexico","Nuevo León","America","Nuevo León, Mexico"
"2514","KHM","Cambodia","Kratie","Asia","Kratie, Cambodia"
"1237","COD","Democratic Republic of the Congo","Équateur","Africa","Équateur, Democratic Republic of the Congo"
"2103","JAM","Jamaica","Portland","America","Portland, Jamaica"
"2728","JPN","Japan","Mie","Asia","Mie, Japan"
"3878","SVN","Slovenia","Savinjska","Europe","Savinjska, Slovenia"
"3871","SVN","Slovenia","Koroška","Europe","Koroška, Slovenia"
"2138","MEX","Mexico","Querétaro","America","Querétaro, Mexico"
"2150","MSR","Montserrat","Saint Georges","America","Saint Georges, Montserrat"
"3145","TUR","Türkiye","Karabuk","Asia","Karabuk, Türkiye"
"1350","HMD","Heard Isl. & McDonald Is. (Aust.)","Administrative Unit Not Available","Africa","Heard Isl. & McDonald Is. (Aust.)"
"2809","LAO","Lao People's Democratic Republic","Phongsaly","Asia","Phongsaly, Lao People's Democratic Republic"
"3289","YEM","Yemen","Ta'Iz","Asia","Ta'Iz, Yemen"
"2632","IDN","Indonesia","Kepulauan Riau","Asia","Kepulauan Riau, Indonesia"
"4012","NZL","New Zealand","Auckland Region","Oceania","Auckland Region, New Zealand"
"4101","VUT","Vanuatu","Sanma - Rural","Oceania","Sanma - Rural, Vanuatu"
"2005","ECU","Ecuador","Orellana","America","Orellana, Ecuador"
"3840","SRB","Serbia","Pčinjski","Europe","Pčinjski, Serbia"
"2374","VEN","Venezuela (Bolivarian Republic Of)","Anzoategui","America","Anzoategui, Venezuela (Bolivarian Republic Of)"
"2946","KOR","Republic Of Korea","Kyonggi-Do","Asia","Kyonggi-Do, Republic Of Korea"
"3641","MNE","Montenegro","Bar","Europe","Bar, Montenegro"
"3076","THA","Thailand","Trang","Asia","Trang, Thailand"
"3038","THA","Thailand","Nan","Asia","Nan, Thailand"
"1425","LBY","Libya","East","Africa","East, Libya"
"2408","AFG","Afghanistan","Hilmand","Asia","Hilmand, Afghanistan"
"3445","GEO","Georgia","Adjara (Adjaria) Autonomous Republic","Europe","Adjara (Adjaria) Autonomous Republic, Georgia"
"3653","MNE","Montenegro","Pljevlja","Europe","Pljevlja, Montenegro"
"3930","CHE","Switzerland","Graubünden","Europe","Graubünden, Switzerland"
"2321","USA","United States of America","Maine","America","Maine, United States of America"
"2351","USA","United States of America","West Virginia","America","West Virginia, United States of America"
"1883","CAN","Canada","Nova Scotia / Nouvelle-Écosse","America","Nova Scotia / Nouvelle-Écosse, Canada"
"3246","VNM","Viet Nam","Ninh Binh","Asia","Ninh Binh, Viet Nam"
"1474","MAR","Morocco","Béni Mellal-Khénifra","Africa","Béni Mellal-Khénifra, Morocco"
"3027","THA","Thailand","Loei","Asia","Loei, Thailand"
"3968","UKR","Ukraine","Vinnytska","Europe","Vinnytska, Ukraine"
"3622","LTU","Lithuania","Klaipėdos apskr.","Europe","Klaipėdos apskr., Lithuania"
"1277","GNQ","Equatorial Guinea","Litoral","Africa","Litoral, Equatorial Guinea"
"2234","KNA","Saint Kitts And Nevis","Christ Church Nichola Town","America","Christ Church Nichola Town, Saint Kitts And Nevis"
"4027","NZL","New Zealand","West Coast Region","Oceania","West Coast Region, New Zealand"
"2157","NIC","Nicaragua","Granada","America","Granada, Nicaragua"
"3870","SVN","Slovenia","Jugovzhodna Slovenija","Europe","Jugovzhodna Slovenija, Slovenia"
"1074","BEN","Benin","Borgou","Africa","Borgou, Benin"
"1093","BWA","Botswana","North East","Africa","North East, Botswana"
"2628","IDN","Indonesia","Kalimantan Tengah","Asia","Kalimantan Tengah, Indonesia"
"3822","RUS","Russian Federation","Ural Federal District","Europe","Ural Federal District, Russian Federation"
"3716","PRT","Portugal","Castelo Branco","Europe","Castelo Branco, Portugal"
"2220","PER","Peru","Puno","America","Puno, Peru"
"2959","SAU","Saudi Arabia","Eastern Region","Asia","Eastern Region, Saudi Arabia"
"1094","BWA","Botswana","North West","Africa","North West, Botswana"
"3331","BIH","Bosnia and Herzegovina","Republika Srpska","Europe","Republika Srpska, Bosnia and Herzegovina"
"3969","UKR","Ukraine","Volynska","Europe","Volynska, Ukraine"
"3390","CZE","Czechia","Karlovarský","Europe","Karlovarský, Czechia"
"2745","JPN","Japan","Tokyo","Asia","Tokyo, Japan"
"3887","ESP","Spain","Ceuta","Europe","Ceuta, Spain"
"1116","BDI","Burundi","Bururi","Africa","Bururi, Burundi"
"2210","PER","Peru","Ica","America","Ica, Peru"
"2827","MYS","Malaysia","Kedah","Asia","Kedah, Malaysia"
"2270","SUR","Suriname","Coronie","America","Coronie, Suriname"
"2789","KWT","Kuwait","Al Jahrah","Asia","Al Jahrah, Kuwait"
"1613","ZAF","South Africa","North West","Africa","North West, South Africa"
"1863","BRA","Brazil","Rio Grande Do Sul","America","Rio Grande Do Sul, Brazil"
"3700","POL","Poland","Mazowieckie","Europe","Mazowieckie, Poland"
"3895","ESP","Spain","Melilla","Europe","Melilla, Spain"
"3929","CHE","Switzerland","Glarus","Europe","Glarus, Switzerland"
"3221","VNM","Viet Nam","Dak Nong","Asia","Dak Nong, Viet Nam"
"2398","AFG","Afghanistan","Badakhshan","Asia","Badakhshan, Afghanistan"
"2635","IDN","Indonesia","Maluku Utara","Asia","Maluku Utara, Indonesia"
"2195","PRY","Paraguay","Misiones","America","Misiones, Paraguay"
"3154","TUR","Türkiye","Kocaeli","Asia","Kocaeli, Türkiye"
"3160","TUR","Türkiye","Mersin","Asia","Mersin, Türkiye"
"3555","IMN","Isle of Man","German","Europe","German, Isle of Man"
"3553","IMN","Isle of Man","Castletown","Europe","Castletown, Isle of Man"
"2062","GUY","Guyana","Cuyuni-Mazaruni","America","Cuyuni-Mazaruni, Guyana"
"3435","FRA","France","Corse","Europe","Corse, France"
"4061","WSM","Samoa","Palauli","Oceania","Palauli, Samoa"
"2817","LAO","Lao People's Democratic Republic","Xiengkhouang","Asia","Xiengkhouang, Lao People's Democratic Republic"
"3456","DEU","Germany","Baden-Württemberg","Europe","Baden-Württemberg, Germany"
"1036","DZA","Algeria","Saida","Africa","Saida, Algeria"
"1656","TUN","Tunisia","Gafsa","Africa","Gafsa, Tunisia"
"2609","IND","India","Tamil Nadu","Asia","Tamil Nadu, India"
"2464","BHR","Bahrain","Isa Town","Asia","Isa Town, Bahrain"
"1306","GAB","Gabon","Moyen-Ogooue","Africa","Moyen-Ogooue, Gabon"
"2469","BHR","Bahrain","Riffa","Asia","Riffa, Bahrain"
"3537","IRL","Ireland","Mayo","Europe","Mayo, Ireland"
"4098","UMI","United States Minor Outlying Islands","Wake Island","Oceania","Wake Island, United States Minor Outlying Islands"
"1954","CUB","Cuba","Camagüey","America","Camagüey, Cuba"
"2269","SUR","Suriname","Commewijne","America","Commewijne, Suriname"
"3374","HRV","Croatia","Varaždin","Europe","Varaždin, Croatia"
"3021","THA","Thailand","Kamphaeng Phet","Asia","Kamphaeng Phet, Thailand"
"3638","MLT","Malta","Western Region","Europe","Western Region, Malta"
"3785","ROU","Romania","Calarasi","Europe","Calarasi, Romania"
"3392","CZE","Czechia","Liberecký","Europe","Liberecký, Czechia"
"1502","NAM","Namibia","Ohangwena","Africa","Ohangwena, Namibia"
"2055","GTM","Guatemala","San Marcos","America","San Marcos, Guatemala"
"1199","CIV","Côte D'Ivoire","Bas-Sassandra","Africa","Bas-Sassandra, Côte D'Ivoire"
"1487","MOZ","Mozambique","Inhambane","Africa","Inhambane, Mozambique"
"1180","TCD","Chad","Tandjilé","Africa","Tandjilé, Chad"
"2075","HTI","Haiti","Nord","America","Nord, Haiti"
"2776","KAZ","Kazakhstan","Kostanay Region","Asia","Kostanay Region, Kazakhstan"
"2162","NIC","Nicaragua","Masaya","America","Masaya, Nicaragua"
"2486","BTN","Bhutan","Monggar","Asia","Monggar, Bhutan"
"3297","ALB","Albania","Korce","Europe","Korce, Albania"
"2460","BHR","Bahrain","Central Region","Asia","Central Region, Bahrain"
"1022","DZA","Algeria","Illizi","Africa","Illizi, Algeria"
"1814","BRB","Barbados","Saint Philip","America","Saint Philip, Barbados"
"3393","CZE","Czechia","Moravskoslezský","Europe","Moravskoslezský, Czechia"
"2972","SGP","Singapore","Marine Parade","Asia","Marine Parade, Singapore"
"1283","ERI","Eritrea","Maekel","Africa","Maekel, Eritrea"
"3802","ROU","Romania","Mures","Europe","Mures, Romania"
"2156","NIC","Nicaragua","Estelí","America","Estelí, Nicaragua"
"1740","ATG","Antigua And Barbuda","Barbuda","America","Barbuda, Antigua And Barbuda"
"1436","MWI","Malawi","Southern Region","Africa","Southern Region, Malawi"
"3679","MKD","North Macedonia","Southwest","Europe","Southwest, North Macedonia"
"2828","MYS","Malaysia","Kelantan","Asia","Kelantan, Malaysia"
"3479","GRC","Greece","Thessalias Stereas Elladas","Europe","Thessalias Stereas Elladas, Greece"
"2137","MEX","Mexico","Puebla","America","Puebla, Mexico"
"1556","RWA","Rwanda","Iburasirazuba","Africa","Iburasirazuba, Rwanda"
"2190","PRY","Paraguay","Central","America","Central, Paraguay"
"4058","WSM","Samoa","Fa'asaleleage","Oceania","Fa'asaleleage, Samoa"
"3023","THA","Thailand","Khon Kaen","Asia","Khon Kaen, Thailand"
"2496","BTN","Bhutan","Trongsa","Asia","Trongsa, Bhutan"
"1958","CUB","Cuba","Guantánamo","America","Guantánamo, Cuba"
"1750","ARG","Argentina","Chaco","America","Chaco, Argentina"
"1943","COL","Colombia","Valle Del Cauca","America","Valle Del Cauca, Colombia"
"2943","KOR","Republic Of Korea","Inchon","Asia","Inchon, Republic Of Korea"
"1915","COL","Colombia","Arauca","America","Arauca, Colombia"
"3436","FRA","France","Grand Est","Europe","Grand Est, France"
"3428","FIN","Finland","Lounais-Suomen aluehallintovirasto","Europe","Lounais-Suomen aluehallintovirasto, Finland"
"2073","HTI","Haiti","Grand-Anse","America","Grand-Anse, Haiti"
"1793","BHS","Bahamas","New Providence","America","New Providence, Bahamas"
"3792","ROU","Romania","Galati","Europe","Galati, Romania"
"1100","BVT","Bouvet Island","Administrative Unit Not Available","Africa","Bouvet Island"
"3196","UZB","Uzbekistan","Khorezm","Asia","Khorezm, Uzbekistan"
"3631","LUX","Luxembourg","Grevenmacher","Europe","Grevenmacher, Luxembourg"
"2385","VEN","Venezuela (Bolivarian Republic Of)","Guarico","America","Guarico, Venezuela (Bolivarian Republic Of)"
"1597","SOM","Somalia","Lower Juba","Africa","Lower Juba, Somalia"
"1049","AGO","Angola","Bengo","Africa","Bengo, Angola"
"3408","EST","Estonia","Harju maakond","Europe","Harju maakond, Estonia"
"3584","ITA","Italy","Puglia","Europe","Puglia, Italy"
"1192","COG","Congo","Likouala","Africa","Likouala, Congo"
"2688","IRQ","Iraq","Baghdad","Asia","Baghdad, Iraq"
"2237","KNA","Saint Kitts And Nevis","Saint George Gingerland","America","Saint George Gingerland, Saint Kitts And Nevis"
"1569","SEN","Senegal","Kaolack","Africa","Kaolack, Senegal"
"2499","BTN","Bhutan","Zhemgang","Asia","Zhemgang, Bhutan"
"1951","CRI","Costa Rica","Puntarenas","America","Puntarenas, Costa Rica"
"3777","ROU","Romania","Bacau","Europe","Bacau, Romania"
"2239","KNA","Saint Kitts And Nevis","Saint John Capisterre","America","Saint John Capisterre, Saint Kitts And Nevis"
"3848","SRB","Serbia","Zaječarski","Europe","Zaječarski, Serbia"
"3240","VNM","Viet Nam","Lam Dong","Asia","Lam Dong, Viet Nam"
"1234","COD","Democratic Republic of the Congo","Tanganyika","Africa","Tanganyika, Democratic Republic of the Congo"
"3432","FRA","France","Bourgogne-Franche-Comté","Europe","Bourgogne-Franche-Comté, France"
"2152","NIC","Nicaragua","Boaco","America","Boaco, Nicaragua"
"3505","HUN","Hungary","Komarom Esztergom","Europe","Komarom Esztergom, Hungary"
"2931","QAT","Qatar","Al Khor And Al Thakhira Municipality","Asia","Al Khor And Al Thakhira Municipality, Qatar"
"1869","BRA","Brazil","Tocantins","America","Tocantins, Brazil"
"3916","SWE","Sweden","Västernorrland","Europe","Västernorrland, Sweden"
"3330","BIH","Bosnia and Herzegovina","Federation of Bosnia and Herzegovina","Europe","Federation of Bosnia and Herzegovina, Bosnia and Herzegovina"
"1615","ZAF","South Africa","Wc","Africa","Wc, South Africa"
"3345","BGR","Bulgaria","Razgrad","Europe","Razgrad, Bulgaria"
"3589","ITA","Italy","Umbria","Europe","Umbria, Italy"
"1157","CAF","Central African Republic","Plateaux","Africa","Plateaux, Central African Republic"
"4052","PNG","Papua New Guinea","Western Highlands Province","Oceania","Western Highlands Province, Papua New Guinea"
"1812","BRB","Barbados","Saint Michael","America","Saint Michael, Barbados"
"3334","BGR","Bulgaria","Dobrich","Europe","Dobrich, Bulgaria"
"1895","CYM","Cayman Islands","Sister Islands","America","Sister Islands, Cayman Islands"
"3304","AND","Andorra","Canillo","Europe","Canillo, Andorra"
"1398","KEN","Kenya","Wajir","Africa","Wajir, Kenya"
"1339","GIN","Guinea","Nzerekore","Africa","Nzerekore, Guinea"
"3812","ROU","Romania","Tulcea","Europe","Tulcea, Romania"
"1309","GAB","Gabon","Ogooue-Ivindo","Africa","Ogooue-Ivindo, Gabon"
"3071","THA","Thailand","Sukhothai","Asia","Sukhothai, Thailand"
"2318","USA","United States of America","Kansas","America","Kansas, United States of America"
"1334","GIN","Guinea","Faranah","Africa","Faranah, Guinea"
"1528","NGA","Nigeria","Edo","Africa","Edo, Nigeria"
"3141","TUR","Türkiye","Isparta","Asia","Isparta, Türkiye"
"1955","CUB","Cuba","Ciego De Ávila","America","Ciego De Ávila, Cuba"
"3857","SXM","Sint Maarten (Dutch part)","Philipsburg","Europe","Philipsburg, Sint Maarten (Dutch part)"
"2951","KOR","Republic Of Korea","Taegu","Asia","Taegu, Republic Of Korea"
"2126","MEX","Mexico","Durango","America","Durango, Mexico"
"3080","THA","Thailand","Uthai Thani","Asia","Uthai Thani, Thailand"
"3191","UZB","Uzbekistan","Andizhan","Asia","Andizhan, Uzbekistan"
"3889","ESP","Spain","Comunidad de Madrid","Europe","Comunidad de Madrid, Spain"
"2689","IRQ","Iraq","Diyala","Asia","Diyala, Iraq"
"1464","MUS","Mauritius","Grand Port","Africa","Grand Port, Mauritius"
"3042","THA","Thailand","Nonthaburi","Asia","Nonthaburi, Thailand"
"3427","FIN","Finland","Lapin aluehallintovirasto","Europe","Lapin aluehallintovirasto, Finland"
"3527","IRL","Ireland","Dublin","Europe","Dublin, Ireland"
"3951","UKR","Ukraine","Dnipropetrovska","Europe","Dnipropetrovska, Ukraine"
"3325","BLR","Belarus","Vitebsk","Europe","Vitebsk, Belarus"
"3566","IMN","Isle of Man","Peel","Europe","Peel, Isle of Man"
"2560","CHN","China","Yunnan Province","Asia","Yunnan Province, China"
"2022","SLV","El Salvador","San Salvador","America","San Salvador, El Salvador"
"2051","GTM","Guatemala","Quetzaltenango","America","Quetzaltenango, Guatemala"
"1075","BEN","Benin","Collines","Africa","Collines, Benin"
"3279","YEM","Yemen","Hajjah","Asia","Hajjah, Yemen"
"3905","SWE","Sweden","Jämtland","Europe","Jämtland, Sweden"
"2949","KOR","Republic Of Korea","Pusan","Asia","Pusan, Republic Of Korea"
"4105","VUT","Vanuatu","Tafea - Rural","Oceania","Tafea - Rural, Vanuatu"
"3391","CZE","Czechia","Královéhradecký","Europe","Královéhradecký, Czechia"
"3604","LVA","Latvia","Kurzeme","Europe","Kurzeme, Latvia"
"1871","VGB","British Virgin Islands","Cooper Island","America","Cooper Island, British Virgin Islands"
"1655","TUN","Tunisia","Gabes","Africa","Gabes, Tunisia"
"1842","BES","Bonaire, Sint Eustatius And Saba","Sint Eustatius","America","Sint Eustatius, Bonaire, Sint Eustatius And Saba"
"3230","VNM","Viet Nam","Hai Duong","Asia","Hai Duong, Viet Nam"
"2035","GRD","Grenada","Saint Mark","America","Saint Mark, Grenada"
"1742","ATG","Antigua And Barbuda","Saint George","America","Saint George, Antigua And Barbuda"
"2652","IRN","Iran (Islamic Republic Of)","Chaharmahal And Bakhtiari","Asia","Chaharmahal And Bakhtiari, Iran (Islamic Republic Of)"
"3921","CHE","Switzerland","Aargau","Europe","Aargau, Switzerland"
"4007","FSM","Micronesia (Federated States of)","Pohnpei","Oceania","Pohnpei, Micronesia (Federated States of)"
"1849","BRA","Brazil","Distrito Federal","America","Distrito Federal, Brazil"
"2086","HND","Honduras","Cortes","America","Cortes, Honduras"
"3035","THA","Thailand","Nakhon Ratchasima","Asia","Nakhon Ratchasima, Thailand"
"1763","ARG","Argentina","Río Negro","America","Río Negro, Argentina"
"2833","MYS","Malaysia","Perlis","Asia","Perlis, Malaysia"
"1531","NGA","Nigeria","Federal Capital Territory","Africa","Federal Capital Territory, Nigeria"
"1935","COL","Colombia","Not Available","America","Not Available, Colombia"
"2083","HND","Honduras","Colon","America","Colon, Honduras"
"2641","IDN","Indonesia","Sulawesi Barat","Asia","Sulawesi Barat, Indonesia"
"3904","SWE","Sweden","Halland","Europe","Halland, Sweden"
"2525","KHM","Cambodia","Stung Treng","Asia","Stung Treng, Cambodia"
"2014","SLV","El Salvador","Cabañas","America","Cabañas, El Salvador"
"1710","ESH","Western Sahara","Administrative Unit Not Available","Africa","Western Sahara"
"1875","VGB","British Virgin Islands","Tortola","America","Tortola, British Virgin Islands"
"1566","SEN","Senegal","Diourbel","Africa","Diourbel, Senegal"
"3305","AND","Andorra","Encamp","Europe","Encamp, Andorra"
"1785","BHS","Bahamas","Grand Cay","America","Grand Cay, Bahamas"
"3123","TUR","Türkiye","Bursa","Asia","Bursa, Türkiye"
"3688","NOR","Norway","Oslo","Europe","Oslo, Norway"
"1806","BRB","Barbados","Saint Andrew","America","Saint Andrew, Barbados"
"2232","PRI","Puerto Rico","San Juan","America","San Juan, Puerto Rico"
"2826","MYS","Malaysia","Johor","Asia","Johor, Malaysia"
"1479","MAR","Morocco","Marrakech-Safi","Africa","Marrakech-Safi, Morocco"
"1173","TCD","Chad","Mayo-Kebbi Est","Africa","Mayo-Kebbi Est, Chad"
"2535","CHN","China","Gansu Province","Asia","Gansu Province, China"
"1292","ETH","Ethiopia","Benishangul Gumz","Africa","Benishangul Gumz, Ethiopia"
"3383","CYP","Cyprus","Keryneia","Europe","Keryneia, Cyprus"
"1886","CAN","Canada","Prince Edward Island / Île-Du-Prince-Édouard","America","Prince Edward Island / Île-Du-Prince-Édouard, Canada"
"2976","SGP","Singapore","Tanjong Pagar","Asia","Tanjong Pagar, Singapore"
"2643","IDN","Indonesia","Sulawesi Tengah","Asia","Sulawesi Tengah, Indonesia"
"1989","ECU","Ecuador","Azuay","America","Azuay, Ecuador"
"2079","HTI","Haiti","Sud","America","Sud, Haiti"
"3273","YEM","Yemen","Al Jawf","Asia","Al Jawf, Yemen"
"1969","DMA","Dominica","St. Andrew","America","St. Andrew, Dominica"
"3763","MDA","Republic of Moldova","Riscani","Europe","Riscani, Republic of Moldova"
"2456","AZE","Azerbaijan","Nakhchivan Economic Region","Asia","Nakhchivan Economic Region, Azerbaijan"
"1259","EGY","Egypt","Luxor","Africa","Luxor, Egypt"
"3828","SRB","Serbia","Grad Beograd","Europe","Grad Beograd, Serbia"
"3945","CHE","Switzerland","Zug","Europe","Zug, Switzerland"
"3069","THA","Thailand","Sing Buri","Asia","Sing Buri, Thailand"
"2277","SUR","Suriname","Wanica","America","Wanica, Suriname"
"2399","AFG","Afghanistan","Badghis","Asia","Badghis, Afghanistan"
"1610","ZAF","South Africa","Kwa-Zulu Natal","Africa","Kwa-Zulu Natal, South Africa"
"1477","MAR","Morocco","Grand Casablanca-Settat","Africa","Grand Casablanca-Settat, Morocco"
"2504","KHM","Cambodia","Banteay Meanchey","Asia","Banteay Meanchey, Cambodia"
"1007","DZA","Algeria","Bechar","Africa","Bechar, Algeria"
"2901","OMN","Oman","Ash Sharqiyah South","Asia","Ash Sharqiyah South, Oman"
"3902","SWE","Sweden","Gotland","Europe","Gotland, Sweden"
"3851","SRB","Serbia","Šumadijski","Europe","Šumadijski, Serbia"
"3461","DEU","Germany","Hamburg","Europe","Hamburg, Germany"
"3540","IRL","Ireland","Offaly","Europe","Offaly, Ireland"
"1515","NER","Niger","Tillabéri","Africa","Tillabéri, Niger"
"3054","THA","Thailand","Phuket","Asia","Phuket, Thailand"
"1447","MRT","Mauritania","Assaba","Africa","Assaba, Mauritania"
"4051","PNG","Papua New Guinea","West Sepik (Sandaun) Province","Oceania","West Sepik (Sandaun) Province, Papua New Guinea"
"1649","TGO","Togo","Savanes","Africa","Savanes, Togo"
"4018","NZL","New Zealand","Marlborough Region","Oceania","Marlborough Region, New Zealand"
"2937","QAT","Qatar","Umm Slal Municipality","Asia","Umm Slal Municipality, Qatar"
"3168","TUR","Türkiye","Sakarya","Asia","Sakarya, Türkiye"
"3373","HRV","Croatia","Split","Europe","Split, Croatia"
"2604","IND","India","Odisha","Asia","Odisha, India"
"3173","TUR","Türkiye","Sirnak","Asia","Sirnak, Türkiye"
"3241","VNM","Viet Nam","Lang Son","Asia","Lang Son, Viet Nam"
"2354","URY","Uruguay","Artigas","America","Artigas, Uruguay"
"3615","LIE","Liechtenstein","Schaan","Europe","Schaan, Liechtenstein"
"1255","EGY","Egypt","Giza","Africa","Giza, Egypt"
"1471","MUS","Mauritius","Rivinre Noire","Africa","Rivinre Noire, Mauritius"
"3598","JEY","Jersey","Saint Martin","Europe","Saint Martin, Jersey"
"1747","ATG","Antigua And Barbuda","Saint Philip","America","Saint Philip, Antigua And Barbuda"
"1427","LBY","Libya","West","Africa","West, Libya"
"3833","SRB","Serbia","Kosovo","Europe","Kosovo, Serbia"
"3011","THA","Thailand","Buri Ram","Asia","Buri Ram, Thailand"
"1551","NGA","Nigeria","Taraba","Africa","Taraba, Nigeria"
"2172","PAN","Panama","Colón","America","Colón, Panama"
"4034","PNG","Papua New Guinea","Chimbu (Simbu) Province","Oceania","Chimbu (Simbu) Province, Papua New Guinea"
"2372","URY","Uruguay","Treinta Y Tres","America","Treinta Y Tres, Uruguay"
"2611","IND","India","Tripura","Asia","Tripura, India"
"3138","TUR","Türkiye","Hakkari","Asia","Hakkari, Türkiye"
"3465","DEU","Germany","Nordrhein-Westfalen","Europe","Nordrhein-Westfalen, Germany"
"1599","SOM","Somalia","Middle Juba","Africa","Middle Juba, Somalia"
"1155","CAF","Central African Republic","Haut-Oubangui","Africa","Haut-Oubangui, Central African Republic"
"1240","DJI","Djibouti","Dikhil","Africa","Dikhil, Djibouti"
"1078","BEN","Benin","Littoral","Africa","Littoral, Benin"
"2620","IDN","Indonesia","Dki Jakarta","Asia","Dki Jakarta, Indonesia"
"3603","JEY","Jersey","Trinity","Europe","Trinity, Jersey"
"2125","MEX","Mexico","Colima","America","Colima, Mexico"
"3733","PRT","Portugal","Viana do Castelo","Europe","Viana do Castelo, Portugal"
"4044","PNG","Papua New Guinea","Milne Bay Province","Oceania","Milne Bay Province, Papua New Guinea"
"1666","TUN","Tunisia","Nabeul","Africa","Nabeul, Tunisia"
"2009","ECU","Ecuador","Santo Domingo De Los Tsachilas","America","Santo Domingo De Los Tsachilas, Ecuador"
"1588","SLE","Sierra Leone","Western","Africa","Western, Sierra Leone"
"1327","GHA","Ghana","Upper East","Africa","Upper East, Ghana"
"2039","GTM","Guatemala","Alta Verapaz","America","Alta Verapaz, Guatemala"
"3440","FRA","France","Occitanie","Europe","Occitanie, France"
"2814","LAO","Lao People's Democratic Republic","Xaignabouly","Asia","Xaignabouly, Lao People's Democratic Republic"
"1153","CAF","Central African Republic","Equateur","Africa","Equateur, Central African Republic"
"2382","VEN","Venezuela (Bolivarian Republic Of)","Distrito Capital","America","Distrito Capital, Venezuela (Bolivarian Republic Of)"
"4085","TUV","Tuvalu","Niulakita","Oceania","Niulakita, Tuvalu"
"3259","VNM","Viet Nam","Thai Nguyen","Asia","Thai Nguyen, Viet Nam"
"2058","GTM","Guatemala","Suchitepéquez","America","Suchitepéquez, Guatemala"
"3271","YEM","Yemen","Al Bayda","Asia","Al Bayda, Yemen"
"2253","LCA","Saint Lucia","Gros Islet","America","Gros Islet, Saint Lucia"
"1647","TGO","Togo","Maritime","Africa","Maritime, Togo"
"3712","PRT","Portugal","Aveiro","Europe","Aveiro, Portugal"
"3746","MDA","Republic of Moldova","Chisinau","Europe","Chisinau, Republic of Moldova"
"3680","MKD","North Macedonia","Vardar","Europe","Vardar, North Macedonia"
"1202","CIV","Côte D'Ivoire","Gôh-Djiboua","Africa","Gôh-Djiboua, Côte D'Ivoire"
"4031","PLW","Palau","Administrative Unit Not Available","Oceania","Palau"
"3568","IMN","Isle of Man","Port St.Mary","Europe","Port St.Mary, Isle of Man"
"2596","IND","India","Kerala","Asia","Kerala, India"
"1256","EGY","Egypt","Ismailia","Africa","Ismailia, Egypt"
"1235","COD","Democratic Republic of the Congo","Tshopo","Africa","Tshopo, Democratic Republic of the Congo"
"2451","AZE","Azerbaijan","Guba-Khachmaz Economic Region","Asia","Guba-Khachmaz Economic Region, Azerbaijan"
"3508","HUN","Hungary","Somogy","Europe","Somogy, Hungary"
"3695","NOR","Norway","Østfold","Europe","Østfold, Norway"
"2148","MEX","Mexico","Zacatecas","America","Zacatecas, Mexico"
"2091","HND","Honduras","Islas De La Bahia","America","Islas De La Bahia, Honduras"
"2361","URY","Uruguay","Lavalleja","America","Lavalleja, Uruguay"
"2312","USA","United States of America","Georgia","America","Georgia, United States of America"
"2365","URY","Uruguay","Rivera","America","Rivera, Uruguay"
"3530","IRL","Ireland","Kildare","Europe","Kildare, Ireland"
"2175","PAN","Panama","Herrera","America","Herrera, Panama"
"1546","NGA","Nigeria","Osun","Africa","Osun, Nigeria"
"2209","PER","Peru","Huanuco","America","Huanuco, Peru"
"1408","LSO","Lesotho","Quthing","Africa","Quthing, Lesotho"
"1491","MOZ","Mozambique","Niassa","Africa","Niassa, Mozambique"
"3596","JEY","Jersey","Saint John","Europe","Saint John, Jersey"
"4109","DNK","Greenland","Administrative Unit Not Available","--","Greenland"
"1574","SEN","Senegal","Saint Louis","Africa","Saint Louis, Senegal"
"3394","CZE","Czechia","Olomoucký","Europe","Olomoucký, Czechia"
"1267","EGY","Egypt","Red Sea","Africa","Red Sea, Egypt"
"3705","POL","Poland","Pomorskie","Europe","Pomorskie, Poland"
"2388","VEN","Venezuela (Bolivarian Republic Of)","Merida","America","Merida, Venezuela (Bolivarian Republic Of)"
"3400","CZE","Czechia","Zlínský","Europe","Zlínský, Czechia"
"1073","BEN","Benin","Atlantique","Africa","Atlantique, Benin"
"2332","USA","United States of America","New Jersey","America","New Jersey, United States of America"
"2755","JOR","Jordan","Aqaba","Asia","Aqaba, Jordan"
"1962","CUB","Cuba","Las Tunas","America","Las Tunas, Cuba"
"2783","KAZ","Kazakhstan","Ulytau Region","Asia","Ulytau Region, Kazakhstan"
"1416","LBR","Liberia","Grand Kru","Africa","Grand Kru, Liberia"
"3979","AUS","Ashmore and Cartier Islands","Administrative Unit Not Available","Oceania","Ashmore and Cartier Islands"
"1028","DZA","Algeria","Medea","Africa","Medea, Algeria"
"1086","BWA","Botswana","Gaborone","Africa","Gaborone, Botswana"
"1390","KEN","Kenya","Siaya","Africa","Siaya, Kenya"
"3029","THA","Thailand","Mae Hong Son","Asia","Mae Hong Son, Thailand"
"3710","POL","Poland","Śląskie","Europe","Śląskie, Poland"
"3607","LVA","Latvia","Vidzeme","Europe","Vidzeme, Latvia"
"3538","IRL","Ireland","Meath","Europe","Meath, Ireland"
"1713","ZMB","Zambia","Eastern","Africa","Eastern, Zambia"
"2631","IDN","Indonesia","Kepulauan Bangka Belitung","Asia","Kepulauan Bangka Belitung, Indonesia"
"3144","TUR","Türkiye","Kahramanmaras","Asia","Kahramanmaras, Türkiye"
"2242","KNA","Saint Kitts And Nevis","Saint Paul Capisterre","America","Saint Paul Capisterre, Saint Kitts And Nevis"
"1321","GHA","Ghana","Ashanti","Africa","Ashanti, Ghana"
"1909","CHL","Chile","Región Del Bío-Bío","America","Región Del Bío-Bío, Chile"
"3620","LTU","Lithuania","Alytaus apskr.","Europe","Alytaus apskr., Lithuania"
"2541","CHN","China","Heilongjiang Province","Asia","Heilongjiang Province, China"
"2562","HKG","China, Hong Kong SAR","Administrative Unit Not Available","Asia","China, Hong Kong SAR"
"3281","YEM","Yemen","Lahj","Asia","Lahj, Yemen"
"2352","USA","United States of America","Wisconsin","America","Wisconsin, United States of America"
"1736","AIA","Anguilla","Sombrero Island","America","Sombrero Island, Anguilla"
"2230","PRI","Puerto Rico","Mayaguez","America","Mayaguez, Puerto Rico"
"1723","ZWE","Zimbabwe","Manicaland","Africa","Manicaland, Zimbabwe"
"3992","COK","Cook Islands","Administrative Unit Not Available","Oceania","Cook Islands"
"3233","VNM","Viet Nam","Ho Chi Minh City","Asia","Ho Chi Minh City, Viet Nam"
"3811","ROU","Romania","Timis","Europe","Timis, Romania"
"1317","GMB","Gambia","Lower River","Africa","Lower River, Gambia"
"3563","IMN","Isle of Man","Michael","Europe","Michael, Isle of Man"
"3294","ALB","Albania","Elbasan","Europe","Elbasan, Albania"
"2392","VEN","Venezuela (Bolivarian Republic Of)","Portuguesa","America","Portuguesa, Venezuela (Bolivarian Republic Of)"
"3804","ROU","Romania","Olt","Europe","Olt, Romania"
"1912","CHL","Chile","Región Metropolitana De Santiago","America","Región Metropolitana De Santiago, Chile"
"3739","MDA","Republic of Moldova","Basarabeasca","Europe","Basarabeasca, Republic of Moldova"
"1151","CMR","Cameroon","Sud-Ouest","Africa","Sud-Ouest, Cameroon"
"3094","TLS","Timor-Leste","Manufahi","Asia","Manufahi, Timor-Leste"
"3783","ROU","Romania","Bucuresti","Europe","Bucuresti, Romania"
"3377","HRV","Croatia","Zadar","Europe","Zadar, Croatia"
"3166","TUR","Türkiye","Osmaniye","Asia","Osmaniye, Türkiye"
"2705","xJK","Jammu And Kashmir","Administrative Unit Not Available","Asia","Jammu And Kashmir"
"3554","IMN","Isle of Man","Douglas","Europe","Douglas, Isle of Man"
"2606","IND","India","Punjab","Asia","Punjab, India"
"3981","AUS","Australia","New South Wales","Oceania","New South Wales, Australia"
"3760","MDA","Republic of Moldova","Ocnita","Europe","Ocnita, Republic of Moldova"
"2458","AZE","Azerbaijan","Shirvan-Salyan Economic Region","Asia","Shirvan-Salyan Economic Region, Azerbaijan"
"1601","SOM","Somalia","Mudug","Africa","Mudug, Somalia"
"4010","NRU","Nauru","Administrative Unit Not Available","Oceania","Nauru"
"1818","BLZ","Belize","Corozal","America","Corozal, Belize"
"2069","GUY","Guyana","Upper Demerara-Berbice","America","Upper Demerara-Berbice, Guyana"
"1729","ZWE","Zimbabwe","Matebeleland South","Africa","Matebeleland South, Zimbabwe"
"3630","LUX","Luxembourg","Diekirch","Europe","Diekirch, Luxembourg"
"2977","xSI","Spratly Islands","Administrative Unit Not Available","Asia","Spratly Islands"
"1735","AIA","Anguilla","Sandy Hill","America","Sandy Hill, Anguilla"
"2353","USA","United States of America","Wyoming","America","Wyoming, United States of America"
"1450","MRT","Mauritania","Gorgol","Africa","Gorgol, Mauritania"
"2212","PER","Peru","La Libertad","America","La Libertad, Peru"
"3284","YEM","Yemen","Sa'Dah","Asia","Sa'Dah, Yemen"
"1315","GMB","Gambia","Central River South","Africa","Central River South, Gambia"
"2653","IRN","Iran (Islamic Republic Of)","East Azerbaijan","Asia","East Azerbaijan, Iran (Islamic Republic Of)"
"1945","COL","Colombia","Vichada","America","Vichada, Colombia"
"1105","BFA","Burkina Faso","Centre-Nord","Africa","Centre-Nord, Burkina Faso"
"3958","UKR","Ukraine","Kyivska","Europe","Kyivska, Ukraine"
"4022","NZL","New Zealand","Southland Region","Oceania","Southland Region, New Zealand"
"2753","JOR","Jordan","Ajloon","Asia","Ajloon, Jordan"
"2981","LKA","Sri Lanka","North Western","Asia","North Western, Sri Lanka"
"1476","MAR","Morocco","Fès-Meknès","Africa","Fès-Meknès, Morocco"
"1378","KEN","Kenya","Meru","Africa","Meru, Kenya"
"3085","TLS","Timor-Leste","Ainaro","Asia","Ainaro, Timor-Leste"
"1754","ARG","Argentina","Córdoba","America","Córdoba, Argentina"
"1046","DZA","Algeria","Tissemsilt","Africa","Tissemsilt, Algeria"
"2452","AZE","Azerbaijan","Karabakh Economic Region","Asia","Karabakh Economic Region, Azerbaijan"
"1128","BDI","Burundi","Ngozi","Africa","Ngozi, Burundi"
"1045","DZA","Algeria","Tipaza","Africa","Tipaza, Algeria"
"1532","NGA","Nigeria","Gombe","Africa","Gombe, Nigeria"
"3231","VNM","Viet Nam","Hai Phong City","Asia","Hai Phong City, Viet Nam"
"3316","AUT","Austria","Tirol","Europe","Tirol, Austria"
"3883","ESP","Spain","Cantabria","Europe","Cantabria, Spain"
"3290","xUK","Akrotiri","Administrative Unit Not Available","Europe","Akrotiri"
"3463","DEU","Germany","Mecklenburg-Vorpommern","Europe","Mecklenburg-Vorpommern, Germany"
"4068","SLB","Solomon Islands","Guadalcanal","Oceania","Guadalcanal, Solomon Islands"
"1346","GNB","Guinea-Bissau","Quinara","Africa","Quinara, Guinea-Bissau"
"1898","CHL","Chile","Región De Arica Y Parinacota","America","Región De Arica Y Parinacota, Chile"
"1224","COD","Democratic Republic of the Congo","Lomami","Africa","Lomami, Democratic Republic of the Congo"
"3879","SVN","Slovenia","Zasavska","Europe","Zasavska, Slovenia"
"1547","NGA","Nigeria","Oyo","Africa","Oyo, Nigeria"
"2682","IRQ","Iraq","Al-Basrah","Asia","Al-Basrah, Iraq"
"1704","TZA","United Republic of Tanzania","Shinyanga","Africa","Shinyanga, United Republic of Tanzania"
"1690","TZA","United Republic of Tanzania","Kusini Pemba","Africa","Kusini Pemba, United Republic of Tanzania"
"1985","DOM","Dominican Republic","Higuamo","America","Higuamo, Dominican Republic"
"2146","MEX","Mexico","Veracruz De Ignacio De La Llave","America","Veracruz De Ignacio De La Llave, Mexico"
"1659","TUN","Tunisia","Kasserine","Africa","Kasserine, Tunisia"
"2319","USA","United States of America","Kentucky","America","Kentucky, United States of America"
"2060","GTM","Guatemala","Zacapa","America","Zacapa, Guatemala"
"3935","CHE","Switzerland","Obwalden","Europe","Obwalden, Switzerland"
"3256","VNM","Viet Nam","Son La","Asia","Son La, Viet Nam"
"2134","MEX","Mexico","Nayarit","America","Nayarit, Mexico"
"2271","SUR","Suriname","Marowijne","America","Marowijne, Suriname"
"1781","BHS","Bahamas","City Of Freeport","America","City Of Freeport, Bahamas"
"2263","VCT","Saint Vincent and the Grenadines","Saint Andrew","America","Saint Andrew, Saint Vincent and the Grenadines"
"2141","MEX","Mexico","Sinaloa","America","Sinaloa, Mexico"
"2144","MEX","Mexico","Tamaulipas","America","Tamaulipas, Mexico"
"1628","SDN","Sudan","Blue Nile","Africa","Blue Nile, Sudan"
"3047","THA","Thailand","Phayao","Asia","Phayao, Thailand"
"1634","SDN","Sudan","North Darfur","Africa","North Darfur, Sudan"
"1552","NGA","Nigeria","Yobe","Africa","Yobe, Nigeria"
"1759","ARG","Argentina","La Rioja","America","La Rioja, Argentina"
"1642","SDN","Sudan","West Darfur","Africa","West Darfur, Sudan"
"2870","MNG","Mongolia","Govi-Altai","Asia","Govi-Altai, Mongolia"
"2898","OMN","Oman","Al Dhahira","Asia","Al Dhahira, Oman"
"2719","JPN","Japan","Ibaraki","Asia","Ibaraki, Japan"
"1320","GMB","Gambia","West Coast","Africa","West Coast, Gambia"
"2435","ARM","Armenia","Armavir","Asia","Armavir, Armenia"
"3324","BLR","Belarus","Mogilev","Europe","Mogilev, Belarus"
"1114","BDI","Burundi","Bubanza","Africa","Bubanza, Burundi"
"2096","HND","Honduras","Santa Barbara","America","Santa Barbara, Honduras"
"2467","BHR","Bahrain","Muharraq","Asia","Muharraq, Bahrain"
"2320","USA","United States of America","Louisiana","America","Louisiana, United States of America"
"1771","ARG","Argentina","Tucumán","America","Tucumán, Argentina"
"3481","GGY","Guernsey","Castel","Europe","Castel, Guernsey"
"2978","LKA","Sri Lanka","Central","Asia","Central, Sri Lanka"
"3386","CYP","Cyprus","Lemesos","Europe","Lemesos, Cyprus"
"1661","TUN","Tunisia","Le Kef","Africa","Le Kef, Tunisia"
"2527","KHM","Cambodia","Takeo","Asia","Takeo, Cambodia"
"3188","ARE","United Arab Emirates","Ras Al Khaimah","Asia","Ras Al Khaimah, United Arab Emirates"
"1088","BWA","Botswana","Jwaneng","Africa","Jwaneng, Botswana"
"1161","TCD","Chad","Borkou","Africa","Borkou, Chad"
"1319","GMB","Gambia","Upper River","Africa","Upper River, Gambia"
"1121","BDI","Burundi","Kayanza","Africa","Kayanza, Burundi"
"1629","SDN","Sudan","Central Darfur","Africa","Central Darfur, Sudan"
"2675","IRN","Iran (Islamic Republic Of)","South Khorasan","Asia","South Khorasan, Iran (Islamic Republic Of)"
"3176","TUR","Türkiye","Tokat","Asia","Tokat, Türkiye"
"1015","DZA","Algeria","Constantine","Africa","Constantine, Algeria"
"3312","AUT","Austria","Niederöster","Europe","Niederöster, Austria"
"1558","RWA","Rwanda","Umujyi Wa Kigali","Africa","Umujyi Wa Kigali, Rwanda"
"1232","COD","Democratic Republic of the Congo","Sud-Kivu","Africa","Sud-Kivu, Democratic Republic of the Congo"
"2113","MTQ","Martinique","Fort-De-France","America","Fort-De-France, Martinique"
"3509","HUN","Hungary","Szabolcs Szatmar Bereg","Europe","Szabolcs Szatmar Bereg, Hungary"
"1822","BMU","Bermuda","Devonshire","America","Devonshire, Bermuda"
"2002","ECU","Ecuador","Manabi","America","Manabi, Ecuador"
"2416","AFG","Afghanistan","Kunduz","Asia","Kunduz, Afghanistan"
"2648","IDN","Indonesia","Sumatera Utara","Asia","Sumatera Utara, Indonesia"
"1353","KEN","Kenya","Baringo","Africa","Baringo, Kenya"
"2255","LCA","Saint Lucia","Micoud","America","Micoud, Saint Lucia"
"3476","GRC","Greece","Kritis","Europe","Kritis, Greece"
"3891","ESP","Spain","Extremadura","Europe","Extremadura, Spain"
"1110","BFA","Burkina Faso","Nord","Africa","Nord, Burkina Faso"
"1856","BRA","Brazil","Paraná","America","Paraná, Brazil"
"1226","COD","Democratic Republic of the Congo","Mai-Ndombe","Africa","Mai-Ndombe, Democratic Republic of the Congo"
"2854","MDV","Maldives","Male'","Asia","Male', Maldives"
"3498","HUN","Hungary","Budapest","Europe","Budapest, Hungary"
"1820","BLZ","Belize","Stann Creek","America","Stann Creek, Belize"
"1717","ZMB","Zambia","North-Western","Africa","North-Western, Zambia"
"3135","TUR","Türkiye","Gaziantep","Asia","Gaziantep, Türkiye"
"1953","CUB","Cuba","Artemisa","America","Artemisa, Cuba"
"2835","MYS","Malaysia","Sabah","Asia","Sabah, Malaysia"
"2123","MEX","Mexico","Ciudad De México","America","Ciudad De México, Mexico"
"1115","BDI","Burundi","Bujumbura","Africa","Bujumbura, Burundi"
"3536","IRL","Ireland","Louth","Europe","Louth, Ireland"
"2866","MNG","Mongolia","Darkhan-Uul","Asia","Darkhan-Uul, Mongolia"
"2023","SLV","El Salvador","San Vicente","America","San Vicente, El Salvador"
"1872","VGB","British Virgin Islands","Great Camanoe","America","Great Camanoe, British Virgin Islands"
"2481","BTN","Bhutan","Chhukha","Asia","Chhukha, Bhutan"
"2199","PRY","Paraguay","Ñeembucú","America","Ñeembucú, Paraguay"
"3223","VNM","Viet Nam","Dong Nai","Asia","Dong Nai, Viet Nam"
"1792","BHS","Bahamas","Moore'S Island","America","Moore'S Island, Bahamas"
"1590","SOM","Somalia","Bakool","Africa","Bakool, Somalia"
"3874","SVN","Slovenia","Podravska","Europe","Podravska, Slovenia"
"1167","TCD","Chad","Hadjer-Lamis","Africa","Hadjer-Lamis, Chad"
"1104","BFA","Burkina Faso","Centre-Est","Africa","Centre-Est, Burkina Faso"
"3933","CHE","Switzerland","Neuchâtel","Europe","Neuchâtel, Switzerland"
"3670","NLD","Netherlands (Kingdom of the)","Utrecht","Europe","Utrecht, Netherlands (Kingdom of the)"
"1761","ARG","Argentina","Misiones","America","Misiones, Argentina"
"3882","ESP","Spain","Canarias","Europe","Canarias, Spain"
"1228","COD","Democratic Republic of the Congo","Mongala","Africa","Mongala, Democratic Republic of the Congo"
"2911","PSE","Palestine","West Bank","Asia","West Bank, Palestine"
"3997","PYF","French Polynesia","Administrative Unit Not Available","Oceania","French Polynesia"
"2204","PER","Peru","Ayacucho","America","Ayacucho, Peru"
"2915","PHL","Philippines","Mimaropa Region","Asia","Mimaropa Region, Philippines"
"2550","CHN","China","Ningxia Hui Autonomous Region","Asia","Ningxia Hui Autonomous Region, China"
"2725","JPN","Japan","Kumamoto","Asia","Kumamoto, Japan"
"2790","KWT","Kuwait","Al Kuwayt","Asia","Al Kuwayt, Kuwait"
"3944","CHE","Switzerland","Vaud","Europe","Vaud, Switzerland"
"2947","KOR","Republic Of Korea","Kyongsangbuk-Do","Asia","Kyongsangbuk-Do, Republic Of Korea"
"2506","KHM","Cambodia","Kampong Cham","Asia","Kampong Cham, Cambodia"
"2061","GUY","Guyana","Barima-Waini","America","Barima-Waini, Guyana"
"3939","CHE","Switzerland","St. Gallen","Europe","St. Gallen, Switzerland"
"3976","GBR","United Kingdom of Great Britain and Northern Ireland","Wales","Europe","Wales, United Kingdom of Great Britain and Northern Ireland"
"2404","AFG","Afghanistan","Farah","Asia","Farah, Afghanistan"
"1498","NAM","Namibia","Kavango East","Africa","Kavango East, Namibia"
"3512","HUN","Hungary","Veszprem","Europe","Veszprem, Hungary"
"2768","KAZ","Kazakhstan","Almaty","Asia","Almaty, Kazakhstan"
"3301","ALB","Albania","Tirane","Europe","Tirane, Albania"
"3687","NOR","Norway","Nordland - Nordlánnda","Europe","Nordland - Nordlánnda, Norway"
"1548","NGA","Nigeria","Plateau","Africa","Plateau, Nigeria"
"2686","IRQ","Iraq","Al-Sulaymaniyah","Asia","Al-Sulaymaniyah, Iraq"
"1521","NGA","Nigeria","Bauchi","Africa","Bauchi, Nigeria"
"1865","BRA","Brazil","Roraima","America","Roraima, Brazil"
"1919","COL","Colombia","Caldas","America","Caldas, Colombia"
"2089","HND","Honduras","Gracias A Dios","America","Gracias A Dios, Honduras"
"2032","GRD","Grenada","Saint David","America","Saint David, Grenada"
"3983","AUS","Australia","Other Territories","Oceania","Other Territories, Australia"
"1674","TUN","Tunisia","Zaghouan","Africa","Zaghouan, Tunisia"
"1272","GNQ","Equatorial Guinea","Annobón","Africa","Annobón, Equatorial Guinea"
"3115","TUR","Türkiye","Bartin","Asia","Bartin, Türkiye"
"3948","UKR","Ukraine","Cherkaska","Europe","Cherkaska, Ukraine"
"3236","VNM","Viet Nam","Khanh Hoa","Asia","Khanh Hoa, Viet Nam"
"2258","MAF","Saint Martin (French part)","Administrative Unit Not Available","America","Saint Martin (French part)"
"2616","IDN","Indonesia","Bali","Asia","Bali, Indonesia"
"3291","ALB","Albania","Berat","Europe","Berat, Albania"
"2856","MDV","Maldives","Noonu","Asia","Noonu, Maldives"
"3306","AND","Andorra","Escaldes-engordany","Europe","Escaldes-engordany, Andorra"
"1860","BRA","Brazil","Piauí","America","Piauí, Brazil"
"2145","MEX","Mexico","Tlaxcala","America","Tlaxcala, Mexico"
"3208","VNM","Viet Nam","Bac Kan","Asia","Bac Kan, Viet Nam"
"2461","BHR","Bahrain","Hamad Town","Asia","Hamad Town, Bahrain"
"2877","MNG","Mongolia","Sükhbaatar","Asia","Sükhbaatar, Mongolia"
"1889","CAN","Canada","Waterbody","America","Waterbody, Canada"
"2720","JPN","Japan","Ishikawa","Asia","Ishikawa, Japan"
"1743","ATG","Antigua And Barbuda","Saint John'S","America","Saint John'S, Antigua And Barbuda"
"1437","MLI","Mali","Bamako","Africa","Bamako, Mali"
"2897","OMN","Oman","Al Buraymi","Asia","Al Buraymi, Oman"
"3022","THA","Thailand","Kanchanaburi","Asia","Kanchanaburi, Thailand"
"2613","IND","India","Uttarakhand","Asia","Uttarakhand, India"
"2650","IRN","Iran (Islamic Republic Of)","Ardabil","Asia","Ardabil, Iran (Islamic Republic Of)"
"1271","EGY","Egypt","Suhag","Africa","Suhag, Egypt"
"2396","VEN","Venezuela (Bolivarian Republic Of)","Yaracuy","America","Yaracuy, Venezuela (Bolivarian Republic Of)"
"3835","SRB","Serbia","Moravički","Europe","Moravički, Serbia"
"3863","SVK","Slovakia","Nitriansky kraj","Europe","Nitriansky kraj, Slovakia"
"1461","MUS","Mauritius","Agalnga Islands","Africa","Agalnga Islands, Mauritius"
"1328","GHA","Ghana","Upper West","Africa","Upper West, Ghana"
"1220","COD","Democratic Republic of the Congo","Kinshasa","Africa","Kinshasa, Democratic Republic of the Congo"
"3837","SRB","Serbia","Pirotski","Europe","Pirotski, Serbia"
"3404","DNK","Denmark","Midtjylland","Europe","Midtjylland, Denmark"
"3745","MDA","Republic of Moldova","Causeni","Europe","Causeni, Republic of Moldova"
"2843","MDV","Maldives","Alifu Dhaalu","Asia","Alifu Dhaalu, Maldives"
"2293","TCA","Turks And Caicos Islands","Grand Turk","America","Grand Turk, Turks And Caicos Islands"
"3072","THA","Thailand","Suphan Buri","Asia","Suphan Buri, Thailand"
"1289","ETH","Ethiopia","Addis Ababa","Africa","Addis Ababa, Ethiopia"
"1533","NGA","Nigeria","Imo","Africa","Imo, Nigeria"
"4016","NZL","New Zealand","Hawke's Bay Region","Oceania","Hawke's Bay Region, New Zealand"
"3903","SWE","Sweden","Gävleborg","Europe","Gävleborg, Sweden"
"1318","GMB","Gambia","North Bank","Africa","North Bank, Gambia"
"3681","NOR","Norway","Agder","Europe","Agder, Norway"
"1834","BOL","Bolivia (Plurinational State of)","La Paz","America","La Paz, Bolivia (Plurinational State of)"
"3517","ISL","Iceland","Norðurland vestra","Europe","Norðurland vestra, Iceland"
"3201","UZB","Uzbekistan","Surkhandarya","Asia","Surkhandarya, Uzbekistan"
"1504","NAM","Namibia","Omusati","Africa","Omusati, Namibia"
"3075","THA","Thailand","Tak","Asia","Tak, Thailand"
"2358","URY","Uruguay","Durazno","America","Durazno, Uruguay"
"1744","ATG","Antigua And Barbuda","Saint Mary","America","Saint Mary, Antigua And Barbuda"
"3217","VNM","Viet Nam","Can Tho City","Asia","Can Tho City, Viet Nam"
"1737","AIA","Anguilla","South Hill","America","South Hill, Anguilla"
"3213","VNM","Viet Nam","Binh Duong","Asia","Binh Duong, Viet Nam"
"2465","BHR","Bahrain","Jidhafs","Asia","Jidhafs, Bahrain"
"1949","CRI","Costa Rica","Heredia","America","Heredia, Costa Rica"
"1791","BHS","Bahamas","Mayaguana","America","Mayaguana, Bahamas"
"2395","VEN","Venezuela (Bolivarian Republic Of)","Trujillo","America","Trujillo, Venezuela (Bolivarian Republic Of)"
"1990","ECU","Ecuador","Bolivar","America","Bolivar, Ecuador"
"4062","WSM","Samoa","Satupa'itea","Oceania","Satupa'itea, Samoa"
"3611","LIE","Liechtenstein","Gamprin","Europe","Gamprin, Liechtenstein"
"2600","IND","India","Manipur","Asia","Manipur, India"
"2386","VEN","Venezuela (Bolivarian Republic Of)","La Guaira","America","La Guaira, Venezuela (Bolivarian Republic Of)"
"1443","MLI","Mali","Sikasso","Africa","Sikasso, Mali"
"3490","GGY","Guernsey","Sark","Europe","Sark, Guernsey"
"3206","VNM","Viet Nam","Ba Ria - Vung Tau","Asia","Ba Ria - Vung Tau, Viet Nam"
"3515","ISL","Iceland","Höfuðborgarsvæðið","Europe","Höfuðborgarsvæðið, Iceland"
"1559","REU","Réunion","Saint Benoit","Africa","Saint Benoit, Réunion"
"2840","MYS","Malaysia","W.P. Labuan","Asia","W.P. Labuan, Malaysia"
"1322","GHA","Ghana","Brong Ahafo","Africa","Brong Ahafo, Ghana"
"1372","KEN","Kenya","Laikipia","Africa","Laikipia, Kenya"
"1333","GIN","Guinea","Conakry","Africa","Conakry, Guinea"
"1060","AGO","Angola","Lunda Norte","Africa","Lunda Norte, Angola"
"2169","PAN","Panama","Bocas Del Toro","America","Bocas Del Toro, Panama"
"3348","BGR","Bulgaria","Silistra","Europe","Silistra, Bulgaria"
"1650","xFR","Tromelin Island","Administrative Unit Not Available","Africa","Tromelin Island"
"1813","BRB","Barbados","Saint Peter","America","Saint Peter, Barbados"
"2041","GTM","Guatemala","Chimaltenango","America","Chimaltenango, Guatemala"
"3453","GEO","Georgia","Samtskhe-Javakheti","Europe","Samtskhe-Javakheti, Georgia"
"1017","DZA","Algeria","El Bayadh","Africa","El Bayadh, Algeria"
"3203","UZB","Uzbekistan","Tashkent","Asia","Tashkent, Uzbekistan"
"4025","NZL","New Zealand","Waikato Region","Oceania","Waikato Region, New Zealand"
"2929","PHL","Philippines","Region Xiii (Caraga)","Asia","Region Xiii (Caraga), Philippines"
"3881","ESP","Spain","Aragón","Europe","Aragón, Spain"
"1181","TCD","Chad","Tibesti","Africa","Tibesti, Chad"
"3382","CYP","Cyprus","Ammochostos","Europe","Ammochostos, Cyprus"
"3707","POL","Poland","Wielkopolskie","Europe","Wielkopolskie, Poland"
"1804","BHS","Bahamas","West Grand Bahama","America","West Grand Bahama, Bahamas"
"2829","MYS","Malaysia","Melaka","Asia","Melaka, Malaysia"
"2693","IRQ","Iraq","Kirkuk","Asia","Kirkuk, Iraq"
"3004","TJK","Tajikistan","Gorno-Badakhshan Autonomous Region","Asia","Gorno-Badakhshan Autonomous Region, Tajikistan"
"1493","MOZ","Mozambique","Tete","Africa","Tete, Mozambique"
"2756","JOR","Jordan","Balqa","Asia","Balqa, Jordan"
"2248","LCA","Saint Lucia","Anse La Raye","America","Anse La Raye, Saint Lucia"
"1685","TZA","United Republic of Tanzania","Kaskazini Pemba","Africa","Kaskazini Pemba, United Republic of Tanzania"
"3130","TUR","Türkiye","Edirne","Asia","Edirne, Türkiye"
"4106","VUT","Vanuatu","Torba - Rural","Oceania","Torba - Rural, Vanuatu"
"3501","HUN","Hungary","Gyor Moson Sopron","Europe","Gyor Moson Sopron, Hungary"
"1335","GIN","Guinea","Kankan","Africa","Kankan, Guinea"
"1428","MDG","Madagascar","Antananarivo","Africa","Antananarivo, Madagascar"
"2315","USA","United States of America","Illinois","America","Illinois, United States of America"
"3564","IMN","Isle of Man","Onchan","Europe","Onchan, Isle of Man"
"2871","MNG","Mongolia","Govisümber","Asia","Govisümber, Mongolia"
"3108","TUR","Türkiye","Amasya","Asia","Amasya, Türkiye"
"3110","TUR","Türkiye","Antalya","Asia","Antalya, Türkiye"
"4075","SLB","Solomon Islands","Western","Oceania","Western, Solomon Islands"
"1216","COD","Democratic Republic of the Congo","Ituri","Africa","Ituri, Democratic Republic of the Congo"
"2865","MNG","Mongolia","Bulgan","Asia","Bulgan, Mongolia"
"2493","BTN","Bhutan","Thimphu","Asia","Thimphu, Bhutan"
"1264","EGY","Egypt","North Sinai","Africa","North Sinai, Egypt"
"3729","PRT","Portugal","Portalegre","Europe","Portalegre, Portugal"
"3562","IMN","Isle of Man","Maughold","Europe","Maughold, Isle of Man"
"1686","TZA","United Republic of Tanzania","Kaskazini Unguja","Africa","Kaskazini Unguja, United Republic of Tanzania"
"3644","MNE","Montenegro","Budva","Europe","Budva, Montenegro"
"2566","PRK","Democratic People's Republic of Korea","Nampo","Asia","Nampo, Democratic People's Republic of Korea"
"2034","GRD","Grenada","Saint John","America","Saint John, Grenada"
"1077","BEN","Benin","Donga","Africa","Donga, Benin"
"4102","VUT","Vanuatu","Sanma - Urban","Oceania","Sanma - Urban, Vanuatu"
"3910","SWE","Sweden","Skåne","Europe","Skåne, Sweden"
"1367","KEN","Kenya","Kirinyaga","Africa","Kirinyaga, Kenya"
"3139","TUR","Türkiye","Hatay","Asia","Hatay, Türkiye"
"1707","TZA","United Republic of Tanzania","Songwe","Africa","Songwe, United Republic of Tanzania"
"2228","PRI","Puerto Rico","Guayama","America","Guayama, Puerto Rico"
"1463","MUS","Mauritius","Flacq","Africa","Flacq, Mauritius"
"3475","GRC","Greece","Ipeiroy Dytikis Makedonias","Europe","Ipeiroy Dytikis Makedonias, Greece"
"3685","NOR","Norway","Innlandet","Europe","Innlandet, Norway"
"3063","THA","Thailand","Samut Prakan","Asia","Samut Prakan, Thailand"
"3454","GEO","Georgia","Shida Kartli","Europe","Shida Kartli, Georgia"
"1582","SYC","Seychelles","Other Islands","Africa","Other Islands, Seychelles"
"3661","NLD","Netherlands (Kingdom of the)","Drenthe","Europe","Drenthe, Netherlands (Kingdom of the)"
"4015","NZL","New Zealand","Gisborne Region","Oceania","Gisborne Region, New Zealand"
"1680","TZA","United Republic of Tanzania","Dar Es Salaam","Africa","Dar Es Salaam, United Republic of Tanzania"
"3941","CHE","Switzerland","Ticino","Europe","Ticino, Switzerland"
"2431","AFG","Afghanistan","Zabul","Asia","Zabul, Afghanistan"
"2519","KHM","Cambodia","Preah Sihanouk","Asia","Preah Sihanouk, Cambodia"
"4104","VUT","Vanuatu","Shefa - Urban","Oceania","Shefa - Urban, Vanuatu"
"3375","HRV","Croatia","Virovitica","Europe","Virovitica, Croatia"
"3996","FJI","Fiji","Western Division","Oceania","Western Division, Fiji"
"2722","JPN","Japan","Kagawa","Asia","Kagawa, Japan"
"3636","MLT","Malta","South Eastern Region","Europe","South Eastern Region, Malta"
"3542","IRL","Ireland","Sligo","Europe","Sligo, Ireland"
"3539","IRL","Ireland","Monaghan","Europe","Monaghan, Ireland"
"1468","MUS","Mauritius","Plaines Wilhems","Africa","Plaines Wilhems, Mauritius"
"1263","EGY","Egypt","New Valley","Africa","New Valley, Egypt"
"4048","PNG","Papua New Guinea","Northern (Oro) Province","Oceania","Northern (Oro) Province, Papua New Guinea"
"3036","THA","Thailand","Nakhon Sawan","Asia","Nakhon Sawan, Thailand"
"1993","ECU","Ecuador","Chimborazo","America","Chimborazo, Ecuador"
"1027","DZA","Algeria","Mascara","Africa","Mascara, Algeria"
"2497","BTN","Bhutan","Tsirang","Asia","Tsirang, Bhutan"
"3431","FRA","France","Auvergne-Rhône-Alpes","Europe","Auvergne-Rhône-Alpes, France"
"2478","BGD","Bangladesh","Rangpur","Asia","Rangpur, Bangladesh"
"1233","COD","Democratic Republic of the Congo","Sud-Ubangi","Africa","Sud-Ubangi, Democratic Republic of the Congo"
"2302","USA","United States of America","Alabama","America","Alabama, United States of America"
"1567","SEN","Senegal","Fatick","Africa","Fatick, Senegal"
"1850","BRA","Brazil","Espírito Santo","America","Espírito Santo, Brazil"
"2311","USA","United States of America","Florida","America","Florida, United States of America"
"3683","NOR","Norway","Buskerud","Europe","Buskerud, Norway"
"3293","ALB","Albania","Durres","Europe","Durres, Albania"
"1755","ARG","Argentina","Entre Ríos","America","Entre Ríos, Argentina"
"3415","EST","Estonia","Pärnu maakond","Europe","Pärnu maakond, Estonia"
"2163","NIC","Nicaragua","Matagalpa","America","Matagalpa, Nicaragua"
"2095","HND","Honduras","Olancho","America","Olancho, Honduras"
"2580","IND","India","Assam","Asia","Assam, India"
"3831","SRB","Serbia","Južno-Bački","Europe","Južno-Bački, Serbia"
"4090","TUV","Tuvalu","Vaitupu","Oceania","Vaitupu, Tuvalu"
"1988","DOM","Dominican Republic","Yuma","America","Yuma, Dominican Republic"
"3794","ROU","Romania","Gorj","Europe","Gorj, Romania"
"2305","USA","United States of America","Arkansas","America","Arkansas, United States of America"
"1611","ZAF","South Africa","Limpopo","Africa","Limpopo, South Africa"
"1254","EGY","Egypt","Gharbia","Africa","Gharbia, Egypt"
"2640","IDN","Indonesia","Riau","Asia","Riau, Indonesia"
"3486","GGY","Guernsey","Saint Peter","Europe","Saint Peter, Guernsey"
"2513","KHM","Cambodia","Koh Kong","Asia","Koh Kong, Cambodia"
"3333","BGR","Bulgaria","Burgas","Europe","Burgas, Bulgaria"
"3954","UKR","Ukraine","Kharkivska","Europe","Kharkivska, Ukraine"
"4084","TUV","Tuvalu","Nanumea","Oceania","Nanumea, Tuvalu"
"1651","TUN","Tunisia","Ariana","Africa","Ariana, Tunisia"
"3104","TUR","Türkiye","Adiyaman","Asia","Adiyaman, Türkiye"
"3407","DNK","Denmark","Syddanmark","Europe","Syddanmark, Denmark"
"1901","CHL","Chile","Región De Coquimbo","America","Región De Coquimbo, Chile"
"3766","MDA","Republic of Moldova","Soroca","Europe","Soroca, Republic of Moldova"
"2314","USA","United States of America","Idaho","America","Idaho, United States of America"
"3862","SVK","Slovakia","Košický kraj","Europe","Košický kraj, Slovakia"
"2121","MEX","Mexico","Chiapas","America","Chiapas, Mexico"
"3971","UKR","Ukraine","Zaporizka","Europe","Zaporizka, Ukraine"
"2778","KAZ","Kazakhstan","Mangystau Region","Asia","Mangystau Region, Kazakhstan"
"3927","CHE","Switzerland","Fribourg","Europe","Fribourg, Switzerland"
"3349","BGR","Bulgaria","Sliven","Europe","Sliven, Bulgaria"
"1703","TZA","United Republic of Tanzania","Ruvuma","Africa","Ruvuma, United Republic of Tanzania"
"2678","IRN","Iran (Islamic Republic Of)","West Azerbaijan","Asia","West Azerbaijan, Iran (Islamic Republic Of)"
"1344","GNB","Guinea-Bissau","Gabú","Africa","Gabú, Guinea-Bissau"
"2227","PRI","Puerto Rico","Bayamon","America","Bayamon, Puerto Rico"
"1490","MOZ","Mozambique","Nampula","Africa","Nampula, Mozambique"
"3024","THA","Thailand","Krabi","Asia","Krabi, Thailand"
"2618","IDN","Indonesia","Bengkulu","Asia","Bengkulu, Indonesia"
"2989","SYR","Syrian Arab Republic","Ar-Raqqa","Asia","Ar-Raqqa, Syrian Arab Republic"
"2748","JPN","Japan","Wakayama","Asia","Wakayama, Japan"
"3667","NLD","Netherlands (Kingdom of the)","Noord-Brabant","Europe","Noord-Brabant, Netherlands (Kingdom of the)"
"3573","ITA","Italy","Basilicata","Europe","Basilicata, Italy"
"3655","MNE","Montenegro","Podgorica","Europe","Podgorica, Montenegro"
"3163","TUR","Türkiye","Nevsehir","Asia","Nevsehir, Türkiye"
"1286","SWZ","Eswatini","Lubombo","Africa","Lubombo, Eswatini"
"3586","ITA","Italy","Sicilia","Europe","Sicilia, Italy"
"1375","KEN","Kenya","Makueni","Africa","Makueni, Kenya"
"1172","TCD","Chad","Mandoul","Africa","Mandoul, Chad"
"1154","CAF","Central African Republic","Fertit","Africa","Fertit, Central African Republic"
"3031","THA","Thailand","Mukdahan","Asia","Mukdahan, Thailand"
"3061","THA","Thailand","Sa Kaeo","Asia","Sa Kaeo, Thailand"
"3519","ISL","Iceland","Suðurnes","Europe","Suðurnes, Iceland"
"1664","TUN","Tunisia","Mednine","Africa","Mednine, Tunisia"
"2702","ISR","Israel","Northern","Asia","Northern, Israel"
"2296","TCA","Turks And Caicos Islands","Providenciales And West Caicos","America","Providenciales And West Caicos, Turks And Caicos Islands"
"4024","NZL","New Zealand","Tasman Region","Oceania","Tasman Region, New Zealand"
"1560","REU","Réunion","Saint Denis","Africa","Saint Denis, Réunion"
"3915","SWE","Sweden","Västerbotten","Europe","Västerbotten, Sweden"
"3797","ROU","Romania","Ialomita","Europe","Ialomita, Romania"
"1612","ZAF","South Africa","Mpumalanga","Africa","Mpumalanga, South Africa"
"1031","DZA","Algeria","Naama","Africa","Naama, Algeria"
"2990","SYR","Syrian Arab Republic","As-Sweida","Asia","As-Sweida, Syrian Arab Republic"
"1784","BHS","Bahamas","Exuma","America","Exuma, Bahamas"
"3867","SVK","Slovakia","Žilinský kraj","Europe","Žilinský kraj, Slovakia"
"3371","HRV","Croatia","Sisak","Europe","Sisak, Croatia"
"2053","GTM","Guatemala","Retalhuleu","America","Retalhuleu, Guatemala"
"2917","PHL","Philippines","Region I (Ilocos Region)","Asia","Region I (Ilocos Region), Philippines"
"2463","BHR","Bahrain","Hidd","Asia","Hidd, Bahrain"
"2996","SYR","Syrian Arab Republic","Idleb","Asia","Idleb, Syrian Arab Republic"
"3478","GRC","Greece","Peloponnisoy Dytikis Elladas kai Ionioy Nison","Europe","Peloponnisoy Dytikis Elladas kai Ionioy Nison, Greece"
"3120","TUR","Türkiye","Bitlis","Asia","Bitlis, Türkiye"
"2605","IND","India","Puducherry","Asia","Puducherry, India"
"2054","GTM","Guatemala","Sacatepéquez","America","Sacatepéquez, Guatemala"
"2690","IRQ","Iraq","Duhok","Asia","Duhok, Iraq"
"3480","GGY","Guernsey","Alderney","Europe","Alderney, Guernsey"
"1892","CYM","Cayman Islands","East End","America","East End, Cayman Islands"
"2048","GTM","Guatemala","Jalapa","America","Jalapa, Guatemala"
"1356","KEN","Kenya","Busia","Africa","Busia, Kenya"
"1274","GNQ","Equatorial Guinea","Bioko Sur","Africa","Bioko Sur, Equatorial Guinea"
"3938","CHE","Switzerland","Solothurn","Europe","Solothurn, Switzerland"
"4011","NZL","New Zealand","Area Outside Region","Oceania","Area Outside Region, New Zealand"
"2427","AFG","Afghanistan","Samangan","Asia","Samangan, Afghanistan"
"2450","AZE","Azerbaijan","Gazakh-Tovuz Economic Region","Asia","Gazakh-Tovuz Economic Region, Azerbaijan"
"2196","PRY","Paraguay","Paraguarí","America","Paraguarí, Paraguay"
"3421","EST","Estonia","Viljandi maakond","Europe","Viljandi maakond, Estonia"
"2176","PAN","Panama","Kuna Yala","America","Kuna Yala, Panama"
"2962","SAU","Saudi Arabia","Makkah Al Mukarramah","Asia","Makkah Al Mukarramah, Saudi Arabia"
"3214","VNM","Viet Nam","Binh Phuoc","Asia","Binh Phuoc, Viet Nam"
"1805","BRB","Barbados","Christ Church","America","Christ Church, Barbados"
"1811","BRB","Barbados","Saint Lucy","America","Saint Lucy, Barbados"
"3706","POL","Poland","Warmińsko-Mazurskie","Europe","Warmińsko-Mazurskie, Poland"
"1297","ETH","Ethiopia","Sidama","Africa","Sidama, Ethiopia"
"1687","TZA","United Republic of Tanzania","Katavi","Africa","Katavi, United Republic of Tanzania"
"1482","MAR","Morocco","Souss-Massa","Africa","Souss-Massa, Morocco"
"2608","IND","India","Sikkim","Asia","Sikkim, India"
"3633","MLT","Malta","Gozo Region","Europe","Gozo Region, Malta"
"1643","SDN","Sudan","West Kordofan","Africa","West Kordofan, Sudan"
"1377","KEN","Kenya","Marsabit","Africa","Marsabit, Kenya"
"2752","JPN","Japan","Ōita","Asia","Ōita, Japan"
"1924","COL","Colombia","Choco","America","Choco, Colombia"
"3361","HRV","Croatia","Dubrovnik","Europe","Dubrovnik, Croatia"
"1798","BHS","Bahamas","Rum Cay","America","Rum Cay, Bahamas"
"1410","LBR","Liberia","Bomi","Africa","Bomi, Liberia"
"3761","MDA","Republic of Moldova","Orhei","Europe","Orhei, Republic of Moldova"
"3243","VNM","Viet Nam","Long An","Asia","Long An, Viet Nam"
"3222","VNM","Viet Nam","Dien Bien","Asia","Dien Bien, Viet Nam"
"2662","IRN","Iran (Islamic Republic Of)","Kermanshah","Asia","Kermanshah, Iran (Islamic Republic Of)"
"1062","AGO","Angola","Malanje","Africa","Malanje, Angola"
"3790","ROU","Romania","Dambovita","Europe","Dambovita, Romania"
"3673","MKD","North Macedonia","East","Europe","East, North Macedonia"
"2415","AFG","Afghanistan","Kunar","Asia","Kunar, Afghanistan"
"3215","VNM","Viet Nam","Binh Thuan","Asia","Binh Thuan, Viet Nam"
"2405","AFG","Afghanistan","Faryab","Asia","Faryab, Afghanistan"
"2647","IDN","Indonesia","Sumatera Selatan","Asia","Sumatera Selatan, Indonesia"
"3559","IMN","Isle of Man","Lonan","Europe","Lonan, Isle of Man"
"1893","CYM","Cayman Islands","George Town","America","George Town, Cayman Islands"
"2292","TTO","Trinidad And Tobago","Tunapuna/Piarco","America","Tunapuna/Piarco, Trinidad And Tobago"
"2512","KHM","Cambodia","Kep","Asia","Kep, Cambodia"
"1222","COD","Democratic Republic of the Congo","Kwango","Africa","Kwango, Democratic Republic of the Congo"
"2568","PRK","Democratic People's Republic of Korea","North Hwanghae","Asia","North Hwanghae, Democratic People's Republic of Korea"
"2276","SUR","Suriname","Sipaliwini","America","Sipaliwini, Suriname"
"2589","IND","India","Disputed (West Bengal, Bihar & Jharkhand)","Asia","Disputed (West Bengal, Bihar & Jharkhand), India"
"2044","GTM","Guatemala","Escuintla","America","Escuintla, Guatemala"
"2226","PRI","Puerto Rico","Arecibo","America","Arecibo, Puerto Rico"
"1936","COL","Colombia","Putumayo","America","Putumayo, Colombia"
"3775","ROU","Romania","Arad","Europe","Arad, Romania"
"1012","DZA","Algeria","Bouira","Africa","Bouira, Algeria"
"3101","TKM","Turkmenistan","Tashauz","Asia","Tashauz, Turkmenistan"
"1507","NAM","Namibia","Otjozondjupa","Africa","Otjozondjupa, Namibia"
"2052","GTM","Guatemala","Quiché","America","Quiché, Guatemala"
"2101","JAM","Jamaica","Kingston","America","Kingston, Jamaica"
"2057","GTM","Guatemala","Sololá","America","Sololá, Guatemala"
"1454","MRT","Mauritania","Inchiri","Africa","Inchiri, Mauritania"
"2341","USA","United States of America","Rhode Island","America","Rhode Island, United States of America"
"3799","ROU","Romania","Ilfov","Europe","Ilfov, Romania"
"2491","BTN","Bhutan","Samtse","Asia","Samtse, Bhutan"
"2638","IDN","Indonesia","Papua","Asia","Papua, Indonesia"
"3548","IMN","Isle of Man","Andreas","Europe","Andreas, Isle of Man"
"3832","SRB","Serbia","Kolubarski","Europe","Kolubarski, Serbia"
"3423","FRO","Faroe Islands","Administrative Unit Not Available","Europe","Faroe Islands"
"4038","PNG","Papua New Guinea","Enga Province","Oceania","Enga Province, Papua New Guinea"
"1537","NGA","Nigeria","Katsina","Africa","Katsina, Nigeria"
"1998","ECU","Ecuador","Guayas","America","Guayas, Ecuador"
"1494","MOZ","Mozambique","Zambézia","Africa","Zambézia, Mozambique"
"3227","VNM","Viet Nam","Ha Nam","Asia","Ha Nam, Viet Nam"
"3229","VNM","Viet Nam","Ha Tinh","Asia","Ha Tinh, Viet Nam"
"2445","AZE","Azerbaijan","Absheron-Khizi Economic Region","Asia","Absheron-Khizi Economic Region, Azerbaijan"
"1029","DZA","Algeria","Mila","Africa","Mila, Algeria"
"3019","THA","Thailand","Chumphon","Asia","Chumphon, Thailand"
"1623","SSD","South Sudan","Upper Nile","Africa","Upper Nile, South Sudan"
"1019","DZA","Algeria","El-Tarf","Africa","El-Tarf, Algeria"
"1083","BWA","Botswana","Central","Africa","Central, Botswana"
"3307","AND","Andorra","La Massana","Europe","La Massana, Andorra"
"2006","ECU","Ecuador","Pastaza","America","Pastaza, Ecuador"
"1183","COM","Comoros","Anjouan (Ndzouani)","Africa","Anjouan (Ndzouani), Comoros"
"1354","KEN","Kenya","Bomet","Africa","Bomet, Kenya"
"1967","CUB","Cuba","Santiago De Cuba","America","Santiago De Cuba, Cuba"
"3225","VNM","Viet Nam","Gia Lai","Asia","Gia Lai, Viet Nam"
"1501","NAM","Namibia","Kunene","Africa","Kunene, Namibia"
"1016","DZA","Algeria","Djelfa","Africa","Djelfa, Algeria"
"1966","CUB","Cuba","Sancti Spíritus","America","Sancti Spíritus, Cuba"
"3581","ITA","Italy","Marche","Europe","Marche, Italy"
"1122","BDI","Burundi","Kirundo","Africa","Kirundo, Burundi"
"2287","TTO","Trinidad And Tobago","San Fernando","America","San Fernando, Trinidad And Tobago"
"2020","SLV","El Salvador","Morazán","America","Morazán, El Salvador"
"3205","VNM","Viet Nam","An Giang","Asia","An Giang, Viet Nam"
"1407","LSO","Lesotho","Qacha'S Nek","Africa","Qacha'S Nek, Lesotho"
"3030","THA","Thailand","Maha Sarakham","Asia","Maha Sarakham, Thailand"
"3569","IMN","Isle of Man","Ramsey","Europe","Ramsey, Isle of Man"
"4004","MHL","Marshall Islands","Administrative Unit Not Available","Oceania","Marshall Islands"
"3593","JEY","Jersey","Grouville","Europe","Grouville, Jersey"
"3786","ROU","Romania","Caras-Severin","Europe","Caras-Severin, Romania"
"1009","DZA","Algeria","Biskra","Africa","Biskra, Algeria"
"1663","TUN","Tunisia","Manouba","Africa","Manouba, Tunisia"
"2024","SLV","El Salvador","Santa Ana","America","Santa Ana, El Salvador"
"1997","ECU","Ecuador","Galapagos","America","Galapagos, Ecuador"
"2340","USA","United States of America","Pennsylvania","America","Pennsylvania, United States of America"
"3296","ALB","Albania","Gjirokaster","Europe","Gjirokaster, Albania"
"2262","VCT","Saint Vincent and the Grenadines","Grenadines","America","Grenadines, Saint Vincent and the Grenadines"
"2634","IDN","Indonesia","Maluku","Asia","Maluku, Indonesia"
"2045","GTM","Guatemala","Guatemala","America","Guatemala, Guatemala"
"1774","BHS","Bahamas","Berry Islands","America","Berry Islands, Bahamas"
"1712","ZMB","Zambia","Copperbelt","Africa","Copperbelt, Zambia"
"3237","VNM","Viet Nam","Kien Giang","Asia","Kien Giang, Viet Nam"
"3126","TUR","Türkiye","Corum","Asia","Corum, Türkiye"
"1770","ARG","Argentina","Tierra Del Fuego","America","Tierra Del Fuego, Argentina"
"2443","ARM","Armenia","Yerevan","Asia","Yerevan, Armenia"
"2008","ECU","Ecuador","Santa Elena","America","Santa Elena, Ecuador"
"2037","GLP","Guadeloupe","Basse-Terre","America","Basse-Terre, Guadeloupe"
"1244","EGY","Egypt","Al-, Ismailia","Africa","Al-, Ismailia, Egypt"
"2583","IND","India","Chhattisgarh","Asia","Chhattisgarh, India"
"3675","MKD","North Macedonia","Pelagonia","Europe","Pelagonia, North Macedonia"
"3364","HRV","Croatia","Karlovac","Europe","Karlovac, Croatia"
"2993","SYR","Syrian Arab Republic","Deir-Ez-Zor","Asia","Deir-Ez-Zor, Syrian Arab Republic"
"3010","THA","Thailand","Bueng Kan","Asia","Bueng Kan, Thailand"
"1562","REU","Réunion","Saint Pierre","Africa","Saint Pierre, Réunion"
"2500","BRN","Brunei Darussalam","Belait","Asia","Belait, Brunei Darussalam"
"1832","BOL","Bolivia (Plurinational State of)","Chuquisaca","America","Chuquisaca, Bolivia (Plurinational State of)"
"2117","MEX","Mexico","Aguascalientes","America","Aguascalientes, Mexico"
"3455","GEO","Georgia","Tbilisi (City)","Europe","Tbilisi (City), Georgia"
"3049","THA","Thailand","Phetchaburi","Asia","Phetchaburi, Thailand"
"2955","SAU","Saudi Arabia","Al Madinah Al Munawwarah","Asia","Al Madinah Al Munawwarah, Saudi Arabia"
"3721","PRT","Portugal","Ilha da Graciosa","Europe","Ilha da Graciosa, Portugal"
"2246","KNA","Saint Kitts And Nevis","Saint Thomas Middle Island","America","Saint Thomas Middle Island, Saint Kitts And Nevis"
"2592","IND","India","Haryana","Asia","Haryana, India"
"3956","UKR","Ukraine","Khmelnytska","Europe","Khmelnytska, Ukraine"
"2040","GTM","Guatemala","Baja Verapaz","America","Baja Verapaz, Guatemala"
"3684","NOR","Norway","Finnmark - Finnmárku - Finmarkku","Europe","Finnmark - Finnmárku - Finmarkku, Norway"
"3034","THA","Thailand","Nakhon Phanom","Asia","Nakhon Phanom, Thailand"
"2735","JPN","Japan","Okayama","Asia","Okayama, Japan"
"1217","COD","Democratic Republic of the Congo","Kasaï","Africa","Kasaï, Democratic Republic of the Congo"
"1411","LBR","Liberia","Bong","Africa","Bong, Liberia"
"2473","BGD","Bangladesh","Chittagong","Asia","Chittagong, Bangladesh"
"3493","VAT","Holy See","Administrative Unit Not Available","Europe","Holy See"
"3210","VNM","Viet Nam","Bac Ninh","Asia","Bac Ninh, Viet Nam"
"3464","DEU","Germany","Niedersachsen","Europe","Niedersachsen, Germany"
"2770","KAZ","Kazakhstan","Astana","Asia","Astana, Kazakhstan"
"2360","URY","Uruguay","Florida","America","Florida, Uruguay"
"3499","HUN","Hungary","Csongrad","Europe","Csongrad, Hungary"
"1586","SLE","Sierra Leone","Northern","Africa","Northern, Sierra Leone"
"2665","IRN","Iran (Islamic Republic Of)","Kurdistan","Asia","Kurdistan, Iran (Islamic Republic Of)"
"3764","MDA","Republic of Moldova","Singerei","Europe","Singerei, Republic of Moldova"
"3288","YEM","Yemen","Socotra","Asia","Socotra, Yemen"
"2906","PAK","Pakistan","Islamabad","Asia","Islamabad, Pakistan"
"2379","VEN","Venezuela (Bolivarian Republic Of)","Carabobo","America","Carabobo, Venezuela (Bolivarian Republic Of)"
"2928","PHL","Philippines","Region Xii (Soccsksargen)","Asia","Region Xii (Soccsksargen), Philippines"
"3500","HUN","Hungary","Fejer","Europe","Fejer, Hungary"
"1109","BFA","Burkina Faso","Hauts-Bassins","Africa","Hauts-Bassins, Burkina Faso"
"2419","AFG","Afghanistan","Maidan Wardak","Asia","Maidan Wardak, Afghanistan"
"2649","IRN","Iran (Islamic Republic Of)","Alborz","Asia","Alborz, Iran (Islamic Republic Of)"
"1034","DZA","Algeria","Oum El Bouaghi","Africa","Oum El Bouaghi, Algeria"
"1879","CAN","Canada","Manitoba","America","Manitoba, Canada"
"1756","ARG","Argentina","Formosa","America","Formosa, Argentina"
"2668","IRN","Iran (Islamic Republic Of)","Mazandaran","Asia","Mazandaran, Iran (Islamic Republic Of)"
"1524","NGA","Nigeria","Borno","Africa","Borno, Nigeria"
"3853","SXM","Sint Maarten (Dutch part)","Cul-de-Sac","Europe","Cul-de-Sac, Sint Maarten (Dutch part)"
"2964","SAU","Saudi Arabia","Northern Borders","Asia","Northern Borders, Saudi Arabia"
"1142","CMR","Cameroon","Adamaoua","Africa","Adamaoua, Cameroon"
"1928","COL","Colombia","Guaviare","America","Guaviare, Colombia"
"3645","MNE","Montenegro","Cetinje","Europe","Cetinje, Montenegro"
"3759","MDA","Republic of Moldova","Nisporeni","Europe","Nisporeni, Republic of Moldova"
"2487","BTN","Bhutan","Paro","Asia","Paro, Bhutan"
"3426","FIN","Finland","Itä-Suomen aluehallintovirasto","Europe","Itä-Suomen aluehallintovirasto, Finland"
"3967","UKR","Ukraine","Ternopilska","Europe","Ternopilska, Ukraine"
"2924","PHL","Philippines","Region Vii (Central Visayas)","Asia","Region Vii (Central Visayas), Philippines"
"3989","CXR","Christmas Island","Administrative Unit Not Available","Oceania","Christmas Island"
"3269","YEM","Yemen","Ad Dali'","Asia","Ad Dali', Yemen"
"1039","DZA","Algeria","Skikda","Africa","Skikda, Algeria"
"4032","PNG","Papua New Guinea","Autonomous Region of Bougainville","Oceania","Autonomous Region of Bougainville, Papua New Guinea"
"1700","TZA","United Republic of Tanzania","Njombe","Africa","Njombe, United Republic of Tanzania"
"2532","CHN","China","Beijing Municipality","Asia","Beijing Municipality, China"
"3977","ALA","Åland Islands","Administrative Unit Not Available","Europe","Åland Islands"
"3577","ITA","Italy","Friuli-Venezia Giulia","Europe","Friuli-Venezia Giulia, Italy"
"3497","HUN","Hungary","Borsod Abauj Zemplen","Europe","Borsod Abauj Zemplen, Hungary"
"2857","MDV","Maldives","Raa","Asia","Raa, Maldives"
"2684","IRQ","Iraq","Al-Najaf","Asia","Al-Najaf, Iraq"
"3179","TUR","Türkiye","Usak","Asia","Usak, Türkiye"
"2189","PRY","Paraguay","Canindeyú","America","Canindeyú, Paraguay"
"2347","USA","United States of America","Vermont","America","Vermont, United States of America"
"3198","UZB","Uzbekistan","Navoi","Asia","Navoi, Uzbekistan"
"2862","MNG","Mongolia","Arkhangai","Asia","Arkhangai, Mongolia"
"1032","DZA","Algeria","Oran","Africa","Oran, Algeria"
"3087","TLS","Timor-Leste","Bobonaro","Asia","Bobonaro, Timor-Leste"
"1175","TCD","Chad","Moyen-Chari","Africa","Moyen-Chari, Chad"
"2967","xSK","Senkaku Islands","Administrative Unit Not Available","Asia","Senkaku Islands"
"2423","AFG","Afghanistan","Paktika","Asia","Paktika, Afghanistan"
"1204","CIV","Côte D'Ivoire","Lagunes","Africa","Lagunes, Côte D'Ivoire"
"1218","COD","Democratic Republic of the Congo","Kasaï-Central","Africa","Kasaï-Central, Democratic Republic of the Congo"
"1480","MAR","Morocco","Oriental","Africa","Oriental, Morocco"
"1387","KEN","Kenya","Nyandarua","Africa","Nyandarua, Kenya"
"2343","USA","United States of America","South Dakota","America","South Dakota, United States of America"
"3922","CHE","Switzerland","Appenzell Ausserrhoden","Europe","Appenzell Ausserrhoden, Switzerland"
"1162","TCD","Chad","Chari-Baguirmi","Africa","Chari-Baguirmi, Chad"
"2080","HTI","Haiti","Sud-Est","America","Sud-Est, Haiti"
"1682","TZA","United Republic of Tanzania","Geita","Africa","Geita, United Republic of Tanzania"
"1332","GIN","Guinea","Boke","Africa","Boke, Guinea"
"1800","BHS","Bahamas","South Abaco","America","South Abaco, Bahamas"
"1420","LBR","Liberia","Montserrado","Africa","Montserrado, Liberia"
"3117","TUR","Türkiye","Bayburt","Asia","Bayburt, Türkiye"
"2266","VCT","Saint Vincent and the Grenadines","Saint Patrick","America","Saint Patrick, Saint Vincent and the Grenadines"
"1987","DOM","Dominican Republic","Valdesia","America","Valdesia, Dominican Republic"
"3552","IMN","Isle of Man","Bride","Europe","Bride, Isle of Man"
"3495","HUN","Hungary","Baranya","Europe","Baranya, Hungary"
"2185","PRY","Paraguay","Asunción","America","Asunción, Paraguay"
"3277","YEM","Yemen","Dhamar","Asia","Dhamar, Yemen"
"3251","VNM","Viet Nam","Quang Nam","Asia","Quang Nam, Viet Nam"
"1119","BDI","Burundi","Gitega","Africa","Gitega, Burundi"
"4092","UMI","United States Minor Outlying Islands","Howland Island","Oceania","Howland Island, United States Minor Outlying Islands"
"2010","ECU","Ecuador","Sucumbios","America","Sucumbios, Ecuador"
"4077","TON","Tonga","'Eua","Oceania","'Eua, Tonga"
"3319","BLR","Belarus","Brest","Europe","Brest, Belarus"
"2859","MDV","Maldives","Shaviyani","Asia","Shaviyani, Maldives"
"3489","GGY","Guernsey","Saint Saviour","Europe","Saint Saviour, Guernsey"
"1097","BWA","Botswana","South East","Africa","South East, Botswana"
"2822","LBN","Lebanon","El Nabatieh","Asia","El Nabatieh, Lebanon"
"4078","TON","Tonga","Ha'apai","Oceania","Ha'apai, Tonga"
"1382","KEN","Kenya","Nairobi","Africa","Nairobi, Kenya"
"1176","TCD","Chad","N'Djamena","Africa","N'Djamena, Chad"
"1585","SLE","Sierra Leone","North Western","Africa","North Western, Sierra Leone"
"3901","SWE","Sweden","Dalarna","Europe","Dalarna, Sweden"
"2356","URY","Uruguay","Cerro Largo","America","Cerro Largo, Uruguay"
"1096","BWA","Botswana","Selibe Phikwe","Africa","Selibe Phikwe, Botswana"
"3810","ROU","Romania","Teleorman","Europe","Teleorman, Romania"
"2750","JPN","Japan","Yamaguchi","Asia","Yamaguchi, Japan"
"1281","ERI","Eritrea","Debubawi Keih Bahri","Africa","Debubawi Keih Bahri, Eritrea"
"2734","JPN","Japan","Niigata","Asia","Niigata, Japan"
"3046","THA","Thailand","Phatthalung","Asia","Phatthalung, Thailand"
"2973","SGP","Singapore","Northeast","Asia","Northeast, Singapore"
"2598","IND","India","Madhya Pradesh","Asia","Madhya Pradesh, India"
"2118","MEX","Mexico","Baja California","America","Baja California, Mexico"
"1313","GMB","Gambia","Banjul City Council","Africa","Banjul City Council, Gambia"
"2485","BTN","Bhutan","Lhuentse","Asia","Lhuentse, Bhutan"
"3186","ARE","United Arab Emirates","Dubai","Asia","Dubai, United Arab Emirates"
"2181","PAN","Panama","Veraguas","America","Veraguas, Panama"
"2241","KNA","Saint Kitts And Nevis","Saint Mary Cayon","America","Saint Mary Cayon, Saint Kitts And Nevis"
"1139","CPV","Cabo Verde","Santo Antao","Africa","Santo Antao, Cabo Verde"
"2811","LAO","Lao People's Democratic Republic","Savannakhet","Asia","Savannakhet, Lao People's Democratic Republic"
"3551","IMN","Isle of Man","Braddan","Europe","Braddan, Isle of Man"
"1323","GHA","Ghana","Central","Africa","Central, Ghana"
"1273","GNQ","Equatorial Guinea","Bioko Norte","Africa","Bioko Norte, Equatorial Guinea"
"3796","ROU","Romania","Hunedoara","Europe","Hunedoara, Romania"
"1384","KEN","Kenya","Nandi","Africa","Nandi, Kenya"
"1526","NGA","Nigeria","Delta","Africa","Delta, Nigeria"
"2339","USA","United States of America","Oregon","America","Oregon, United States of America"
"3397","CZE","Czechia","Praha","Europe","Praha, Czechia"
"1391","KEN","Kenya","Taita Taveta","Africa","Taita Taveta, Kenya"
"2128","MEX","Mexico","Guerrero","America","Guerrero, Mexico"
"1603","SOM","Somalia","Sanaag","Africa","Sanaag, Somalia"
"2988","SYR","Syrian Arab Republic","Aleppo","Asia","Aleppo, Syrian Arab Republic"
"3534","IRL","Ireland","Limerick","Europe","Limerick, Ireland"
"2011","ECU","Ecuador","Tungurahua","America","Tungurahua, Ecuador"
"1497","NAM","Namibia","Karas","Africa","Karas, Namibia"
"1570","SEN","Senegal","Kolda","Africa","Kolda, Senegal"
"1145","CMR","Cameroon","Extrême-Nord","Africa","Extrême-Nord, Cameroon"
"2442","ARM","Armenia","Vayots Dzor","Asia","Vayots Dzor, Armenia"
"2674","IRN","Iran (Islamic Republic Of)","Sistan And Baluchestan","Asia","Sistan And Baluchestan, Iran (Islamic Republic Of)"
"2219","PER","Peru","Piura","America","Piura, Peru"
"3970","UKR","Ukraine","Zakarpatska","Europe","Zakarpatska, Ukraine"
"3697","POL","Poland","Kujawsko-Pomorskie","Europe","Kujawsko-Pomorskie, Poland"
"2038","GLP","Guadeloupe","Pointe-À-Pitre","America","Pointe-À-Pitre, Guadeloupe"
"3182","TUR","Türkiye","Yozgat","Asia","Yozgat, Türkiye"
"2588","IND","India","Disputed (Rajasthan & Gujarat)","Asia","Disputed (Rajasthan & Gujarat), India"
"1527","NGA","Nigeria","Ebonyi","Africa","Ebonyi, Nigeria"
"2762","JOR","Jordan","Mafraq","Asia","Mafraq, Jordan"
"3894","ESP","Spain","La Rioja","Europe","La Rioja, Spain"
"2806","LAO","Lao People's Democratic Republic","Louangnamtha","Asia","Louangnamtha, Lao People's Democratic Republic"
"1809","BRB","Barbados","Saint John","America","Saint John, Barbados"
"3640","MNE","Montenegro","Andrijevica","Europe","Andrijevica, Montenegro"
"1456","MRT","Mauritania","Nouakchott-Ouest","Africa","Nouakchott-Ouest, Mauritania"
"1968","CUB","Cuba","Villa Clara","America","Villa Clara, Cuba"
"3650","MNE","Montenegro","Mojkovac","Europe","Mojkovac, Montenegro"
"3647","MNE","Montenegro","Herceg Novi","Europe","Herceg Novi, Montenegro"
"1132","xMS","Bīr Ṭawīl","Administrative Unit Not Available","Africa","Bīr Ṭawīl"
"1488","MOZ","Mozambique","Manica","Africa","Manica, Mozambique"
"1299","ETH","Ethiopia","Somali","Africa","Somali, Ethiopia"
"1620","SSD","South Sudan","Lakes","Africa","Lakes, South Sudan"
"4046","PNG","Papua New Guinea","National Capital District","Oceania","National Capital District, Papua New Guinea"
"3006","TJK","Tajikistan","Sughd Region","Asia","Sughd Region, Tajikistan"
"2430","AFG","Afghanistan","Uruzgan","Asia","Uruzgan, Afghanistan"
"3228","VNM","Viet Nam","Ha Noi","Asia","Ha Noi, Viet Nam"
"2505","KHM","Cambodia","Battambang","Asia","Battambang, Cambodia"
"2886","MMR","Myanmar","Union Territory","Asia","Union Territory, Myanmar"
"2437","ARM","Armenia","Kotayk","Asia","Kotayk, Armenia"
"2907","PAK","Pakistan","Khyber Pakhtunkhwa","Asia","Khyber Pakhtunkhwa, Pakistan"
"3613","LIE","Liechtenstein","Planken","Europe","Planken, Liechtenstein"
"2637","IDN","Indonesia","Nusa Tenggara Timur","Asia","Nusa Tenggara Timur, Indonesia"
"3086","TLS","Timor-Leste","Baucau","Asia","Baucau, Timor-Leste"
"1859","BRA","Brazil","Pernambuco","America","Pernambuco, Brazil"
"1053","AGO","Angola","Cuando Cubango","Africa","Cuando Cubango, Angola"
"2122","MEX","Mexico","Chihuahua","America","Chihuahua, Mexico"
"3516","ISL","Iceland","Norðurland eystra","Europe","Norðurland eystra, Iceland"
"1415","LBR","Liberia","Grand Gedeh","Africa","Grand Gedeh, Liberia"
"1654","TUN","Tunisia","Bizerte","Africa","Bizerte, Tunisia"
"3674","MKD","North Macedonia","Northeast","Europe","Northeast, North Macedonia"
"3411","EST","Estonia","Järva maakond","Europe","Järva maakond, Estonia"
"1117","BDI","Burundi","Cankuzo","Africa","Cankuzo, Burundi"
"2939","KOR","Republic Of Korea","Chollabuk-Do","Asia","Chollabuk-Do, Republic Of Korea"
"1245","EGY","Egypt","Alexandria","Africa","Alexandria, Egypt"
"2308","USA","United States of America","Connecticut","America","Connecticut, United States of America"
"2304","USA","United States of America","Arizona","America","Arizona, United States of America"
"1003","DZA","Algeria","Ain-Temouchent","Africa","Ain-Temouchent, Algeria"
"2124","MEX","Mexico","Coahuila De Zaragoza","America","Coahuila De Zaragoza, Mexico"
"1295","ETH","Ethiopia","Harari","Africa","Harari, Ethiopia"
"3410","EST","Estonia","Ida-Viru maakond","Europe","Ida-Viru maakond, Estonia"
"2659","IRN","Iran (Islamic Republic Of)","Ilam","Asia","Ilam, Iran (Islamic Republic Of)"
"2923","PHL","Philippines","Region Vi (Western Visayas)","Asia","Region Vi (Western Visayas), Philippines"
"1348","GNB","Guinea-Bissau","Tombali","Africa","Tombali, Guinea-Bissau"
"1268","EGY","Egypt","Sharkia","Africa","Sharkia, Egypt"
"2393","VEN","Venezuela (Bolivarian Republic Of)","Sucre","America","Sucre, Venezuela (Bolivarian Republic Of)"
"1406","LSO","Lesotho","Mokhotlong","Africa","Mokhotlong, Lesotho"
"3698","POL","Poland","Lubelskie","Europe","Lubelskie, Poland"
"1261","EGY","Egypt","Menia","Africa","Menia, Egypt"
"3302","ALB","Albania","Vlore","Europe","Vlore, Albania"
"2763","JOR","Jordan","Tafiela","Asia","Tafiela, Jordan"
"3131","TUR","Türkiye","Elazig","Asia","Elazig, Türkiye"
"3713","PRT","Portugal","Beja","Europe","Beja, Portugal"
"1276","GNQ","Equatorial Guinea","Kié-Ntem","Africa","Kié-Ntem, Equatorial Guinea"
"3696","POL","Poland","Dolnośląskie","Europe","Dolnośląskie, Poland"
"2359","URY","Uruguay","Flores","America","Flores, Uruguay"
"1112","BFA","Burkina Faso","Sahel","Africa","Sahel, Burkina Faso"
"1907","CHL","Chile","Región De Valparaíso","America","Región De Valparaíso, Chile"
"2268","SUR","Suriname","Brokopondo","America","Brokopondo, Suriname"
"1146","CMR","Cameroon","Littoral","Africa","Littoral, Cameroon"
"2567","PRK","Democratic People's Republic of Korea","North Hamgyong","Asia","North Hamgyong, Democratic People's Republic of Korea"
"2369","URY","Uruguay","San José","America","San José, Uruguay"
"3893","ESP","Spain","Illes Balears","Europe","Illes Balears, Spain"
"1900","CHL","Chile","Región De Aysén Del Gral. Ibañez Del Campo","America","Región De Aysén Del Gral. Ibañez Del Campo, Chile"
"1305","GAB","Gabon","Haut-Ogooue","Africa","Haut-Ogooue, Gabon"
"2433","ARM","Armenia","Aragatsotn","Asia","Aragatsotn, Armenia"
"3099","TKM","Turkmenistan","Chardzhou","Asia","Chardzhou, Turkmenistan"
"3216","VNM","Viet Nam","Ca Mau","Asia","Ca Mau, Viet Nam"
"2743","JPN","Japan","Tochigi","Asia","Tochigi, Japan"
"2274","SUR","Suriname","Paramaribo","America","Paramaribo, Suriname"
"2107","JAM","Jamaica","Saint Elizabeth","America","Saint Elizabeth, Jamaica"
"2858","MDV","Maldives","Seenu","Asia","Seenu, Maldives"
"3285","YEM","Yemen","Sana'A","Asia","Sana'A, Yemen"
"2727","JPN","Japan","Kōchi","Asia","Kōchi, Japan"
"3911","SWE","Sweden","Stockholm","Europe","Stockholm, Sweden"
"1677","UGA","Uganda","Northern","Africa","Northern, Uganda"
"2330","USA","United States of America","Nevada","America","Nevada, United States of America"
"1645","TGO","Togo","Centrale","Africa","Centrale, Togo"
"3906","SWE","Sweden","Jönköping","Europe","Jönköping, Sweden"
"2645","IDN","Indonesia","Sulawesi Utara","Asia","Sulawesi Utara, Indonesia"
"1058","AGO","Angola","Huíla","Africa","Huíla, Angola"
"2881","MNG","Mongolia","Zavkhan","Asia","Zavkhan, Mongolia"
"2880","MNG","Mongolia","Uvs","Asia","Uvs, Mongolia"
"3026","THA","Thailand","Lamphun","Asia","Lamphun, Thailand"
"1764","ARG","Argentina","Salta","America","Salta, Argentina"
"1803","BHS","Bahamas","Spanish Wells","America","Spanish Wells, Bahamas"
"2561","CHN","China","Zhejiang Province","Asia","Zhejiang Province, China"
"1068","SHN","Ascension, Saint Helena and Tristan da Cunha","Saint Helena","Africa","Saint Helena, Ascension, Saint Helena and Tristan da Cunha"
"3849","SRB","Serbia","Zapadno-Bački","Europe","Zapadno-Bački, Serbia"
"2000","ECU","Ecuador","Loja","America","Loja, Ecuador"
"4089","TUV","Tuvalu","Nukulaelae","Oceania","Nukulaelae, Tuvalu"
"2892","NPL","Nepal","Madhesh","Asia","Madhesh, Nepal"
"2963","SAU","Saudi Arabia","Najran","Asia","Najran, Saudi Arabia"
"2772","KAZ","Kazakhstan","East Kazakhstan Region","Asia","East Kazakhstan Region, Kazakhstan"
"2940","KOR","Republic Of Korea","Chollanam-Do","Asia","Chollanam-Do, Republic Of Korea"
"2420","AFG","Afghanistan","Nangarhar","Asia","Nangarhar, Afghanistan"
"1864","BRA","Brazil","Rondônia","America","Rondônia, Brazil"
"2342","USA","United States of America","South Carolina","America","South Carolina, United States of America"
"3634","MLT","Malta","Northern Harbour Reg","Europe","Northern Harbour Reg, Malta"
"3315","AUT","Austria","Steiermark","Europe","Steiermark, Austria"
"2259","SPM","Saint Pierre and Miquelon","Miquelon-Langlade","America","Miquelon-Langlade, Saint Pierre and Miquelon"
"2874","MNG","Mongolia","Khövsgöl","Asia","Khövsgöl, Mongolia"
"1777","BHS","Bahamas","Cat Island","America","Cat Island, Bahamas"
"3741","MDA","Republic of Moldova","Briceni","Europe","Briceni, Republic of Moldova"
"2074","HTI","Haiti","Nippes","America","Nippes, Haiti"
"1337","GIN","Guinea","Labe","Africa","Labe, Guinea"
"3403","DNK","Denmark","Hovedstaden","Europe","Hovedstaden, Denmark"
"2879","MNG","Mongolia","Ulaanbaatar","Asia","Ulaanbaatar, Mongolia"
"2301","VIR","United States Virgin Islands","St. Thomas","America","St. Thomas, United States Virgin Islands"
"1858","BRA","Brazil","Pará","America","Pará, Brazil"
"1026","DZA","Algeria","M'Sila","Africa","M'Sila, Algeria"
"3167","TUR","Türkiye","Rize","Asia","Rize, Türkiye"
"2667","IRN","Iran (Islamic Republic Of)","Markazi","Asia","Markazi, Iran (Islamic Republic Of)"
"3448","GEO","Georgia","Kakheti","Europe","Kakheti, Georgia"
"2982","LKA","Sri Lanka","Northern","Asia","Northern, Sri Lanka"
"1975","DMA","Dominica","St. Mark","America","St. Mark, Dominica"
"2516","KHM","Cambodia","Oddar Meanchey","Asia","Oddar Meanchey, Cambodia"
"2798","KGZ","Kyrgyzstan","Osh","Asia","Osh, Kyrgyzstan"
"3174","TUR","Türkiye","Sivas","Asia","Sivas, Türkiye"
"3017","THA","Thailand","Chiang Rai","Asia","Chiang Rai, Thailand"
"2098","HND","Honduras","Yoro","America","Yoro, Honduras"
"3686","NOR","Norway","Møre og Romsdal","Europe","Møre og Romsdal, Norway"
"2736","JPN","Japan","Okinawa","Asia","Okinawa, Japan"
"2147","MEX","Mexico","Yucatán","America","Yucatán, Mexico"
"2202","PER","Peru","Apurimac","America","Apurimac, Peru"
"2556","CHN","China","Sichuan Province","Asia","Sichuan Province, China"
"3597","JEY","Jersey","Saint Lawrence","Europe","Saint Lawrence, Jersey"
"1253","EGY","Egypt","Fayoum","Africa","Fayoum, Egypt"
"3470","DEU","Germany","Schleswig-Holstein","Europe","Schleswig-Holstein, Germany"
"2390","VEN","Venezuela (Bolivarian Republic Of)","Monagas","America","Monagas, Venezuela (Bolivarian Republic Of)"
"1670","TUN","Tunisia","Sousse","Africa","Sousse, Tunisia"
"2224","PER","Peru","Ucayali","America","Ucayali, Peru"
"2368","URY","Uruguay","Salto","America","Salto, Uruguay"
"2059","GTM","Guatemala","Totonicapán","America","Totonicapán, Guatemala"
"2658","IRN","Iran (Islamic Republic Of)","Hormozgan","Asia","Hormozgan, Iran (Islamic Republic Of)"
"2509","KHM","Cambodia","Kampong Thom","Asia","Kampong Thom, Cambodia"
"2966","xSR","Scarborough Reef","Administrative Unit Not Available","Asia","Scarborough Reef"
"2841","MYS","Malaysia","W.P. Putrajaya","Asia","W.P. Putrajaya, Malaysia"
"3209","VNM","Viet Nam","Bac Lieu","Asia","Bac Lieu, Viet Nam"
"3376","HRV","Croatia","Vukovar","Europe","Vukovar, Croatia"
"1303","ATF","French Southern Territories","Administrative Unit Not Available","Africa","French Southern Territories"
"3219","VNM","Viet Nam","Da Nang City","Asia","Da Nang City, Viet Nam"
"3718","PRT","Portugal","Faro","Europe","Faro, Portugal"
"3341","BGR","Bulgaria","Pazardzhik","Europe","Pazardzhik, Bulgaria"
"1578","SEN","Senegal","Thiès","Africa","Thiès, Senegal"
"2695","IRQ","Iraq","Ninewa","Asia","Ninewa, Iraq"
"2197","PRY","Paraguay","Presidente Hayes","America","Presidente Hayes, Paraguay"
"2933","QAT","Qatar","Al Shamal Municipality","Asia","Al Shamal Municipality, Qatar"
"1648","TGO","Togo","Plateaux","Africa","Plateaux, Togo"
"2093","HND","Honduras","Lempira","America","Lempira, Honduras"
"2623","IDN","Indonesia","Jawa Barat","Asia","Jawa Barat, Indonesia"
"3272","YEM","Yemen","Al Hodeidah","Asia","Al Hodeidah, Yemen"
"1211","CIV","Côte D'Ivoire","Zanzan","Africa","Zanzan, Côte D'Ivoire"
"2078","HTI","Haiti","Ouest","America","Ouest, Haiti"
"3389","CZE","Czechia","Jihočeský","Europe","Jihočeský, Czechia"
"3693","NOR","Norway","Vestfold","Europe","Vestfold, Norway"
"3788","ROU","Romania","Constanta","Europe","Constanta, Romania"
"1589","SOM","Somalia","Awdal","Africa","Awdal, Somalia"
"1874","VGB","British Virgin Islands","Other Islands","America","Other Islands, British Virgin Islands"
"1768","ARG","Argentina","Santa Fe","America","Santa Fe, Argentina"
"1512","NER","Niger","Dosso","Africa","Dosso, Niger"
"2438","ARM","Armenia","Lori","Asia","Lori, Armenia"
"3624","LTU","Lithuania","Panevėžio apskr.","Europe","Panevėžio apskr., Lithuania"
"2284","TTO","Trinidad And Tobago","Point Fortin","America","Point Fortin, Trinidad And Tobago"
"3336","BGR","Bulgaria","Haskovo","Europe","Haskovo, Bulgaria"
"3608","LVA","Latvia","Zemgale","Europe","Zemgale, Latvia"
"1782","BHS","Bahamas","Crooked Island","America","Crooked Island, Bahamas"
"2088","HND","Honduras","Francisco Morazan","America","Francisco Morazan, Honduras"
"2590","IND","India","Goa","Asia","Goa, India"
"4041","PNG","Papua New Guinea","Jiwaka Province","Oceania","Jiwaka Province, Papua New Guinea"
"3571","IMN","Isle of Man","Santan","Europe","Santan, Isle of Man"
"1715","ZMB","Zambia","Lusaka","Africa","Lusaka, Zambia"
"3649","MNE","Montenegro","Kotor","Europe","Kotor, Montenegro"
"1206","CIV","Côte D'Ivoire","Sassandra-Marahoué","Africa","Sassandra-Marahoué, Côte D'Ivoire"
"1732","AIA","Anguilla","George Hill","America","George Hill, Anguilla"
"3113","TUR","Türkiye","Aydin","Asia","Aydin, Türkiye"
"1163","TCD","Chad","Ennedi Est","Africa","Ennedi Est, Chad"
"1213","COD","Democratic Republic of the Congo","Haut-Katanga","Africa","Haut-Katanga, Democratic Republic of the Congo"
"2218","PER","Peru","Pasco","America","Pasco, Peru"
"1757","ARG","Argentina","Jujuy","America","Jujuy, Argentina"
"3762","MDA","Republic of Moldova","Rezina","Europe","Rezina, Republic of Moldova"
"1366","KEN","Kenya","Kilifi","Africa","Kilifi, Kenya"
"2484","BTN","Bhutan","Haa","Asia","Haa, Bhutan"
"1593","SOM","Somalia","Bay","Africa","Bay, Somalia"
"3858","SXM","Sint Maarten (Dutch part)","Simpson Bay","Europe","Simpson Bay, Sint Maarten (Dutch part)"
"2092","HND","Honduras","La Paz","America","La Paz, Honduras"
"2891","NPL","Nepal","Lumbini","Asia","Lumbini, Nepal"
"3825","SMR","San Marino","Administrative Unit Not Available","Europe","San Marino"
"3866","SVK","Slovakia","Trnavský kraj","Europe","Trnavský kraj, Slovakia"
"2576","xJL","Disputed Area(xJL)","Administrative Unit Not Available","Asia","Disputed Area(xJL)"
"3773","MDA","Republic of Moldova","Unitate Teritoriala Autonoma Gagauzia","Europe","Unitate Teritoriala Autonoma Gagauzia, Republic of Moldova"
"1848","BRA","Brazil","Ceará","America","Ceará, Brazil"
"1458","MRT","Mauritania","Tagant","Africa","Tagant, Mauritania"
"2448","AZE","Azerbaijan","East Zangezur Economic Region","Asia","East Zangezur Economic Region, Azerbaijan"
"1219","COD","Democratic Republic of the Congo","Kasaï-Oriental","Africa","Kasaï-Oriental, Democratic Republic of the Congo"
"2334","USA","United States of America","New York","America","New York, United States of America"
"3609","LIE","Liechtenstein","Balzers","Europe","Balzers, Liechtenstein"
"2173","PAN","Panama","Darién","America","Darién, Panama"
"3961","UKR","Ukraine","Mykolaivska","Europe","Mykolaivska, Ukraine"
"2267","SGS","South Georgia and the South Sandwich Islands","Administrative Unit Not Available","America","South Georgia and the South Sandwich Islands"
"3355","BGR","Bulgaria","Varna","Europe","Varna, Bulgaria"
"2402","AFG","Afghanistan","Bamyan","Asia","Bamyan, Afghanistan"
"2968","SGP","Singapore","Ang Mo Kio-Cheng San","Asia","Ang Mo Kio-Cheng San, Singapore"
"2849","MDV","Maldives","Haa Alifu","Asia","Haa Alifu, Maldives"
"2252","LCA","Saint Lucia","Dennery","America","Dennery, Saint Lucia"
"3073","THA","Thailand","Surat Thani","Asia","Surat Thani, Thailand"
"3533","IRL","Ireland","Leitrim","Europe","Leitrim, Ireland"
"2986","LKA","Sri Lanka","Western","Asia","Western, Sri Lanka"
"2501","BRN","Brunei Darussalam","Brunei And Muara","Asia","Brunei And Muara, Brunei Darussalam"
"1511","NER","Niger","Diffa","Africa","Diffa, Niger"
"1940","COL","Colombia","Santander","America","Santander, Colombia"
"2847","MDV","Maldives","Gaafu Alifu","Asia","Gaafu Alifu, Maldives"
"3058","THA","Thailand","Ratchaburi","Asia","Ratchaburi, Thailand"
"1517","NGA","Nigeria","Abia","Africa","Abia, Nigeria"
"3444","GEO","Georgia","Abkhazeti (Abkhazia) Autonomous Republic","Europe","Abkhazeti (Abkhazia) Autonomous Republic, Georgia"
"4091","UMI","United States Minor Outlying Islands","Baker Island","Oceania","Baker Island, United States Minor Outlying Islands"
"2422","AFG","Afghanistan","Nuristan","Asia","Nuristan, Afghanistan"
"3642","MNE","Montenegro","Berane","Europe","Berane, Montenegro"
"1417","LBR","Liberia","Lofa","Africa","Lofa, Liberia"
"3725","PRT","Portugal","Ilha do Faial","Europe","Ilha do Faial, Portugal"
"3140","TUR","Türkiye","Igdir","Asia","Igdir, Türkiye"
"3492","GGY","Guernsey","Vale","Europe","Vale, Guernsey"
"1896","CYM","Cayman Islands","West Bay","America","West Bay, Cayman Islands"
"3753","MDA","Republic of Moldova","Falesti","Europe","Falesti, Republic of Moldova"
"2090","HND","Honduras","Intibuca","America","Intibuca, Honduras"
"2245","KNA","Saint Kitts And Nevis","Saint Thomas Lowland","America","Saint Thomas Lowland, Saint Kitts And Nevis"
"2934","QAT","Qatar","Al Sheehaniya Municipality","Asia","Al Sheehaniya Municipality, Qatar"
"3690","NOR","Norway","Telemark","Europe","Telemark, Norway"
"1888","CAN","Canada","Saskatchewan","America","Saskatchewan, Canada"
"3172","TUR","Türkiye","Sinop","Asia","Sinop, Türkiye"
"1683","TZA","United Republic of Tanzania","Iringa","Africa","Iringa, United Republic of Tanzania"
"1429","MDG","Madagascar","Antsiranana","Africa","Antsiranana, Madagascar"
"2701","ISR","Israel","Jerusalem","Asia","Jerusalem, Israel"
"1037","DZA","Algeria","Setif","Africa","Setif, Algeria"
"3820","RUS","Russian Federation","Siberian Federal District","Europe","Siberian Federal District, Russian Federation"
"2610","IND","India","Telangana","Asia","Telangana, India"
"1913","COL","Colombia","Amazonas","America","Amazonas, Colombia"
"1287","SWZ","Eswatini","Manzini","Africa","Manzini, Eswatini"
"2081","HND","Honduras","Atlantida","America","Atlantida, Honduras"
"3033","THA","Thailand","Nakhon Pathom","Asia","Nakhon Pathom, Thailand"
"2511","KHM","Cambodia","Kandal","Asia","Kandal, Cambodia"
"3531","IRL","Ireland","Kilkenny","Europe","Kilkenny, Ireland"
"2714","JPN","Japan","Gifu","Asia","Gifu, Japan"
"2909","PAK","Pakistan","Sindh","Asia","Sindh, Pakistan"
"1246","EGY","Egypt","Assiut","Africa","Assiut, Egypt"
"1725","ZWE","Zimbabwe","Mashonaland East","Africa","Mashonaland East, Zimbabwe"
"1598","SOM","Somalia","Lower Shabelle","Africa","Lower Shabelle, Somalia"
"2017","SLV","El Salvador","La Libertad","America","La Libertad, El Salvador"
"1927","COL","Colombia","Guainia","America","Guainia, Colombia"
"2660","IRN","Iran (Islamic Republic Of)","Isfahan","Asia","Isfahan, Iran (Islamic Republic Of)"
"2406","AFG","Afghanistan","Ghazni","Asia","Ghazni, Afghanistan"
"3260","VNM","Viet Nam","Thanh Hoa","Asia","Thanh Hoa, Viet Nam"
"2853","MDV","Maldives","Lhaviyani","Asia","Lhaviyani, Maldives"
"3114","TUR","Türkiye","Balikesir","Asia","Balikesir, Türkiye"
"1201","CIV","Côte D'Ivoire","Denguélé","Africa","Denguélé, Côte D'Ivoire"
"1438","MLI","Mali","Gao","Africa","Gao, Mali"
"2587","IND","India","Disputed (Madhya Pradesh & Rajasthan)","Asia","Disputed (Madhya Pradesh & Rajasthan), India"
"3587","ITA","Italy","Toscana","Europe","Toscana, Italy"
"3528","IRL","Ireland","Galway","Europe","Galway, Ireland"
"3595","JEY","Jersey","Saint Helier","Europe","Saint Helier, Jersey"
"4020","NZL","New Zealand","Northland Region","Oceania","Northland Region, New Zealand"
"1614","ZAF","South Africa","Northern Cape","Africa","Northern Cape, South Africa"
"1386","KEN","Kenya","Nyamira","Africa","Nyamira, Kenya"
"2706","JPN","Japan","Aichi","Asia","Aichi, Japan"
"2193","PRY","Paraguay","Guairá","America","Guairá, Paraguay"
"1067","SHN","Ascension, Saint Helena and Tristan da Cunha","Ascension","Africa","Ascension, Ascension, Saint Helena and Tristan da Cunha"
"1208","CIV","Côte D'Ivoire","Vallée Du Bandama","Africa","Vallée Du Bandama, Côte D'Ivoire"
"3105","TUR","Türkiye","Afyonkarahisar","Asia","Afyonkarahisar, Türkiye"
"3014","THA","Thailand","Chaiyaphum","Asia","Chaiyaphum, Thailand"
"2796","KGZ","Kyrgyzstan","Jalal-Abad","Asia","Jalal-Abad, Kyrgyzstan"
"3057","THA","Thailand","Ranong","Asia","Ranong, Thailand"
"2187","PRY","Paraguay","Caaguazú","America","Caaguazú, Paraguay"
"1918","COL","Colombia","Boyaca","America","Boyaca, Colombia"
"2800","LAO","Lao People's Democratic Republic","Attapeu","Asia","Attapeu, Lao People's Democratic Republic"
"2718","JPN","Japan","Hyōgo","Asia","Hyōgo, Japan"
"2630","IDN","Indonesia","Kalimantan Utara","Asia","Kalimantan Utara, Indonesia"
"1252","EGY","Egypt","Damietta","Africa","Damietta, Egypt"
"1158","CAF","Central African Republic","Yadé","Africa","Yadé, Central African Republic"
"2480","BTN","Bhutan","Bumthang","Asia","Bumthang, Bhutan"
"2205","PER","Peru","Cajamarca","America","Cajamarca, Peru"
"2025","SLV","El Salvador","Sonsonate","America","Sonsonate, El Salvador"
"1499","NAM","Namibia","Kavango West","Africa","Kavango West, Namibia"
"3159","TUR","Türkiye","Mardin","Asia","Mardin, Türkiye"
"2097","HND","Honduras","Valle","America","Valle, Honduras"
"3118","TUR","Türkiye","Bilecik","Asia","Bilecik, Türkiye"
"1184","COM","Comoros","Grande Comore (Ngazidja)","Africa","Grande Comore (Ngazidja), Comoros"
"1555","RWA","Rwanda","Amajyepfo","Africa","Amajyepfo, Rwanda"
"4033","PNG","Papua New Guinea","Central Province","Oceania","Central Province, Papua New Guinea"
"2673","IRN","Iran (Islamic Republic Of)","Semnan","Asia","Semnan, Iran (Islamic Republic Of)"
"3352","BGR","Bulgaria","Sofia-City","Europe","Sofia-City, Bulgaria"
"1383","KEN","Kenya","Nakuru","Africa","Nakuru, Kenya"
"3264","VNM","Viet Nam","Tuyen Quang","Asia","Tuyen Quang, Viet Nam"
"2508","KHM","Cambodia","Kampong Speu","Asia","Kampong Speu, Cambodia"
"2687","IRQ","Iraq","Babil","Asia","Babil, Iraq"
"3380","HRV","Croatia","Šibenik","Europe","Šibenik, Croatia"
"1010","DZA","Algeria","Blida","Africa","Blida, Algeria"
"3558","IMN","Isle of Man","Lezayre","Europe","Lezayre, Isle of Man"
"1667","TUN","Tunisia","Sfax","Africa","Sfax, Tunisia"
"2288","TTO","Trinidad And Tobago","San Juan-Laventille","America","San Juan-Laventille, Trinidad And Tobago"
"3529","IRL","Ireland","Kerry","Europe","Kerry, Ireland"
"1535","NGA","Nigeria","Kaduna","Africa","Kaduna, Nigeria"
"2916","PHL","Philippines","National Capital Region (Ncr)","Asia","National Capital Region (Ncr), Philippines"
"1855","BRA","Brazil","Minas Gerais","America","Minas Gerais, Brazil"
"3628","LTU","Lithuania","Vilniaus apskr.","Europe","Vilniaus apskr., Lithuania"
"2921","PHL","Philippines","Region Ix (Zamboanga Peninsula)","Asia","Region Ix (Zamboanga Peninsula), Philippines"
"2240","KNA","Saint Kitts And Nevis","Saint John Figtree","America","Saint John Figtree, Saint Kitts And Nevis"
"2578","IND","India","Andhra Pradesh","Asia","Andhra Pradesh, India"
"3458","DEU","Germany","Berlin","Europe","Berlin, Germany"
"3417","EST","Estonia","Rapla maakond","Europe","Rapla maakond, Estonia"
"3532","IRL","Ireland","Laois","Europe","Laois, Ireland"
"2540","CHN","China","Hebei Province","Asia","Hebei Province, China"
"1745","ATG","Antigua And Barbuda","Saint Paul","America","Saint Paul, Antigua And Barbuda"
"2004","ECU","Ecuador","Napo","America","Napo, Ecuador"
"3300","ALB","Albania","Shkoder","Europe","Shkoder, Albania"
"2799","KGZ","Kyrgyzstan","Talas","Asia","Talas, Kyrgyzstan"
"1169","TCD","Chad","Lac","Africa","Lac, Chad"
"4100","VUT","Vanuatu","Penama - Rural","Oceania","Penama - Rural, Vanuatu"
"2528","KHM","Cambodia","Tboung Khmum","Asia","Tboung Khmum, Cambodia"
"1156","CAF","Central African Republic","Kagas","Africa","Kagas, Central African Republic"
"1626","SSD","South Sudan","Western Equatoria","Africa","Western Equatoria, South Sudan"
"3197","UZB","Uzbekistan","Namangan","Asia","Namangan, Uzbekistan"
"4017","NZL","New Zealand","Manawatū-Whanganui Region","Oceania","Manawatū-Whanganui Region, New Zealand"
"2739","JPN","Japan","Saitama","Asia","Saitama, Japan"
"3756","MDA","Republic of Moldova","Hincesti","Europe","Hincesti, Republic of Moldova"
"3008","THA","Thailand","Ang Thong","Asia","Ang Thong, Thailand"
"2299","VIR","United States Virgin Islands","St. Croix","America","St. Croix, United States Virgin Islands"
"3561","IMN","Isle of Man","Marown","Europe","Marown, Isle of Man"
"3143","TUR","Türkiye","Izmir","Asia","Izmir, Türkiye"
"1831","BOL","Bolivia (Plurinational State of)","Beni","America","Beni, Bolivia (Plurinational State of)"
"2775","KAZ","Kazakhstan","Karaganda Region","Asia","Karaganda Region, Kazakhstan"
"1505","NAM","Namibia","Oshana","Africa","Oshana, Namibia"
"2221","PER","Peru","San Martin","America","San Martin, Peru"
"1102","BFA","Burkina Faso","Cascades","Africa","Cascades, Burkina Faso"
"2326","USA","United States of America","Mississippi","America","Mississippi, United States of America"
"4057","WSM","Samoa","Atua","Oceania","Atua, Samoa"
"2066","GUY","Guyana","Mahaica Berbice","America","Mahaica Berbice, Guyana"
"1187","COG","Congo","Brazzaville","Africa","Brazzaville, Congo"
"3050","THA","Thailand","Phichit","Asia","Phichit, Thailand"
"2336","USA","United States of America","North Dakota","America","North Dakota, United States of America"
"3442","FRA","France","Provence-Alpes-Côte d'Azur","Europe","Provence-Alpes-Côte d'Azur, France"
"4107","WLF","Wallis and Futuna Islands","Administrative Unit Not Available","Oceania","Wallis and Futuna Islands"
"4014","NZL","New Zealand","Canterbury Region","Oceania","Canterbury Region, New Zealand"
"2953","SAU","Saudi Arabia","Al Bahah","Asia","Al Bahah, Saudi Arabia"
"3936","CHE","Switzerland","Schaffhausen","Europe","Schaffhausen, Switzerland"
"3743","MDA","Republic of Moldova","Calarasi","Europe","Calarasi, Republic of Moldova"
"3328","BEL","Belgium","Walloon Region","Europe","Walloon Region, Belgium"
"1549","NGA","Nigeria","Rivers","Africa","Rivers, Nigeria"
"2730","JPN","Japan","Miyazaki","Asia","Miyazaki, Japan"
"2047","GTM","Guatemala","Izabal","America","Izabal, Guatemala"
"1331","xFR","Glorioso Islands","Administrative Unit Not Available","Africa","Glorioso Islands"
"3037","THA","Thailand","Nakhon Si Thammarat","Asia","Nakhon Si Thammarat, Thailand"
"1838","BOL","Bolivia (Plurinational State of)","Santa Cruz","America","Santa Cruz, Bolivia (Plurinational State of)"
"2371","URY","Uruguay","Tacuarembó","America","Tacuarembó, Uruguay"
"3817","RUS","Russian Federation","Far Eastern Federal District","Europe","Far Eastern Federal District, Russian Federation"
"2784","KAZ","Kazakhstan","Waterbody","Asia","Waterbody, Kazakhstan"
"2114","MTQ","Martinique","La Trinité","America","La Trinité, Martinique"
"2794","KGZ","Kyrgyzstan","Chui","Asia","Chui, Kyrgyzstan"
"1251","EGY","Egypt","Dakahlia","Africa","Dakahlia, Egypt"
"1326","GHA","Ghana","Northern","Africa","Northern, Ghana"
"1324","GHA","Ghana","Eastern","Africa","Eastern, Ghana"
"4088","TUV","Tuvalu","Nukufetau","Oceania","Nukufetau, Tuvalu"
"2327","USA","United States of America","Missouri","America","Missouri, United States of America"
"3150","TUR","Türkiye","Kilis","Asia","Kilis, Türkiye"
"3550","IMN","Isle of Man","Ballaugh","Europe","Ballaugh, Isle of Man"
"1621","SSD","South Sudan","Northern Bahr El Ghazal","Africa","Northern Bahr El Ghazal, South Sudan"
"2444","IND","Arunachal Pradesh","Arunachal Pradesh","Asia","Arunachal Pradesh"
"1845","BRA","Brazil","Amapá","America","Amapá, Brazil"
"2779","KAZ","Kazakhstan","North Kazakhstan Region","Asia","North Kazakhstan Region, Kazakhstan"
"3701","POL","Poland","Małopolskie","Europe","Małopolskie, Poland"
"1748","ARG","Argentina","Buenos Aires","America","Buenos Aires, Argentina"
"1992","ECU","Ecuador","Carchi","America","Carchi, Ecuador"
"2378","VEN","Venezuela (Bolivarian Republic Of)","Bolivar","America","Bolivar, Venezuela (Bolivarian Republic Of)"
"1519","NGA","Nigeria","Akwa Lbom","Africa","Akwa Lbom, Nigeria"
"2265","VCT","Saint Vincent and the Grenadines","Saint George","America","Saint George, Saint Vincent and the Grenadines"
"2721","JPN","Japan","Iwate","Asia","Iwate, Japan"
"1125","BDI","Burundi","Muramvya","Africa","Muramvya, Burundi"
"2498","BTN","Bhutan","Wangduephodrang","Asia","Wangduephodrang, Bhutan"
"3665","NLD","Netherlands (Kingdom of the)","Groningen","Europe","Groningen, Netherlands (Kingdom of the)"
"2984","LKA","Sri Lanka","Southern","Asia","Southern, Sri Lanka"
"1572","SEN","Senegal","Louga","Africa","Louga, Senegal"
"3993","FJI","Fiji","Central Division","Oceania","Central Division, Fiji"
"1212","COD","Democratic Republic of the Congo","Bas-Uélé","Africa","Bas-Uélé, Democratic Republic of the Congo"
"4039","PNG","Papua New Guinea","Gulf Province","Oceania","Gulf Province, Papua New Guinea"
"3405","DNK","Denmark","Nordjylland","Europe","Nordjylland, Denmark"
"4009","NCL","New Caledonia","Administrative Unit Not Available","Oceania","New Caledonia"
"1881","CAN","Canada","Newfoundland And Labrador / Terre-Neuve-Et-Labrador","America","Newfoundland And Labrador / Terre-Neuve-Et-Labrador, Canada"
"2663","IRN","Iran (Islamic Republic Of)","Khuzestan","Asia","Khuzestan, Iran (Islamic Republic Of)"
"3262","VNM","Viet Nam","Tien Giang","Asia","Tien Giang, Viet Nam"
"2793","KGZ","Kyrgyzstan","Batken","Asia","Batken, Kyrgyzstan"
"2231","PRI","Puerto Rico","Ponce","America","Ponce, Puerto Rico"
"1314","GMB","Gambia","Central River North","Africa","Central River North, Gambia"
"3856","SXM","Sint Maarten (Dutch part)","Lower Prince's Quarter","Europe","Lower Prince's Quarter, Sint Maarten (Dutch part)"
"1825","BMU","Bermuda","Pembroke","America","Pembroke, Bermuda"
"2479","BGD","Bangladesh","Sylhet","Asia","Sylhet, Bangladesh"
"1300","ETH","Ethiopia","South West Ethiopia","Africa","South West Ethiopia, Ethiopia"
"2692","IRQ","Iraq","Kerbala","Asia","Kerbala, Iraq"
"3541","IRL","Ireland","Roscommon","Europe","Roscommon, Ireland"
"1294","ETH","Ethiopia","Gambela","Africa","Gambela, Ethiopia"
"3491","GGY","Guernsey","Torteval","Europe","Torteval, Guernsey"
"1828","BMU","Bermuda","Smiths","America","Smiths, Bermuda"
"2283","TTO","Trinidad And Tobago","Penal-Debe","America","Penal-Debe, Trinidad And Tobago"
"4000","KIR","Kiribati","Line Is. & Phoenix","Oceania","Line Is. & Phoenix, Kiribati"
"2994","SYR","Syrian Arab Republic","Hama","Asia","Hama, Syrian Arab Republic"
"3720","PRT","Portugal","Ilha Terceira","Europe","Ilha Terceira, Portugal"
"3925","CHE","Switzerland","Basel-Stadt","Europe","Basel-Stadt, Switzerland"
"2397","VEN","Venezuela (Bolivarian Republic Of)","Zulia","America","Zulia, Venezuela (Bolivarian Republic Of)"
"1389","KEN","Kenya","Samburu","Africa","Samburu, Kenya"
"3261","VNM","Viet Nam","Thua Thien Hue","Asia","Thua Thien Hue, Viet Nam"
"1269","EGY","Egypt","South Sinai","Africa","South Sinai, Egypt"
"2669","IRN","Iran (Islamic Republic Of)","North Khorasan","Asia","North Khorasan, Iran (Islamic Republic Of)"
"1543","NGA","Nigeria","Niger","Africa","Niger, Nigeria"
"3949","UKR","Ukraine","Chernihivska","Europe","Chernihivska, Ukraine"
"3682","NOR","Norway","Akershus","Europe","Akershus, Norway"
"2100","JAM","Jamaica","Hanover","America","Hanover, Jamaica"
"1910","CHL","Chile","Región Del Libertador Bernardo O'Higgins","America","Región Del Libertador Bernardo O'Higgins, Chile"
"1503","NAM","Namibia","Omaheke","Africa","Omaheke, Namibia"
"1689","TZA","United Republic of Tanzania","Kilimanjaro","Africa","Kilimanjaro, United Republic of Tanzania"
"3648","MNE","Montenegro","Kolasin","Europe","Kolasin, Montenegro"
"4070","SLB","Solomon Islands","Isabel","Oceania","Isabel, Solomon Islands"
"3178","TUR","Türkiye","Tunceli","Asia","Tunceli, Türkiye"
"2896","OMN","Oman","Al Batinah South","Asia","Al Batinah South, Oman"
"2174","PAN","Panama","Emberá","America","Emberá, Panama"
"3343","BGR","Bulgaria","Pleven","Europe","Pleven, Bulgaria"
"1284","ERI","Eritrea","Semienawi Keih Bahri","Africa","Semienawi Keih Bahri, Eritrea"
"3865","SVK","Slovakia","Trenčiansky kraj","Europe","Trenčiansky kraj, Slovakia"
"1394","KEN","Kenya","Trans Nzoia","Africa","Trans Nzoia, Kenya"
"3190","ARE","United Arab Emirates","Umm Al Quwain","Asia","Umm Al Quwain, United Arab Emirates"
"1124","BDI","Burundi","Makamba","Africa","Makamba, Burundi"
"3005","TJK","Tajikistan","Khatlon Region","Asia","Khatlon Region, Tajikistan"
"1693","TZA","United Republic of Tanzania","Manyara","Africa","Manyara, United Republic of Tanzania"
"2222","PER","Peru","Tacna","America","Tacna, Peru"
"1033","DZA","Algeria","Ouargla","Africa","Ouargla, Algeria"
"3041","THA","Thailand","Nong Khai","Asia","Nong Khai, Thailand"
"2884","MMR","Myanmar","Region","Asia","Region, Myanmar"
"3815","ROU","Romania","Vrancea","Europe","Vrancea, Romania"
"3028","THA","Thailand","Lop Buri","Asia","Lop Buri, Thailand"
"1573","SEN","Senegal","Matam","Africa","Matam, Senegal"
"3147","TUR","Türkiye","Kars","Asia","Kars, Türkiye"
"3263","VNM","Viet Nam","Tra Vinh","Asia","Tra Vinh, Viet Nam"
"1341","GNB","Guinea-Bissau","Biombo","Africa","Biombo, Guinea-Bissau"
"1304","GAB","Gabon","Estuaire","Africa","Estuaire, Gabon"
"2446","AZE","Azerbaijan","Baku Economic Region","Asia","Baku Economic Region, Azerbaijan"
"1702","TZA","United Republic of Tanzania","Rukwa","Africa","Rukwa, United Republic of Tanzania"
"3575","ITA","Italy","Campania","Europe","Campania, Italy"
"3776","ROU","Romania","Arges","Europe","Arges, Romania"
"1426","LBY","Libya","South","Africa","South, Libya"
"2468","BHR","Bahrain","Northern Region","Asia","Northern Region, Bahrain"
"2991","SYR","Syrian Arab Republic","Damascus","Asia","Damascus, Syrian Arab Republic"
"2328","USA","United States of America","Montana","America","Montana, United States of America"
"1373","KEN","Kenya","Lamu","Africa","Lamu, Kenya"
"3045","THA","Thailand","Phangnga","Asia","Phangnga, Thailand"
"1011","DZA","Algeria","Bordj Bou Arrer","Africa","Bordj Bou Arrer, Algeria"
"3068","THA","Thailand","Si Sa Ket","Asia","Si Sa Ket, Thailand"
"2031","GRD","Grenada","Saint Andrew","America","Saint Andrew, Grenada"
"2910","PSE","Palestine","Gaza Strip","Asia","Gaza Strip, Palestine"
"2935","QAT","Qatar","Al Wakra Municipality","Asia","Al Wakra Municipality, Qatar"
"3357","BGR","Bulgaria","Vidin","Europe","Vidin, Bulgaria"
"4065","WSM","Samoa","Vaisigano","Oceania","Vaisigano, Samoa"
"1099","BWA","Botswana","Sowa Town","Africa","Sowa Town, Botswana"
"3192","UZB","Uzbekistan","Bukhara","Asia","Bukhara, Uzbekistan"
"2466","BHR","Bahrain","Manama","Asia","Manama, Bahrain"
"3913","SWE","Sweden","Uppsala","Europe","Uppsala, Sweden"
"2681","IRQ","Iraq","Al-Anbar","Asia","Al-Anbar, Iraq"
"3446","GEO","Georgia","Guria","Europe","Guria, Georgia"
"2708","JPN","Japan","Aomori","Asia","Aomori, Japan"
"3807","ROU","Romania","Satu Mare","Europe","Satu Mare, Romania"
"1851","BRA","Brazil","Goiás","America","Goiás, Brazil"
"3995","FJI","Fiji","Northern  Division","Oceania","Northern  Division, Fiji"
"1460","MRT","Mauritania","Trarza","Africa","Trarza, Mauritania"
"3908","SWE","Sweden","Kronoberg","Europe","Kronoberg, Sweden"
"3565","IMN","Isle of Man","Patrick","Europe","Patrick, Isle of Man"
"2171","PAN","Panama","Coclé","America","Coclé, Panama"
"2873","MNG","Mongolia","Khovd","Asia","Khovd, Mongolia"
"1091","BWA","Botswana","Kweneng","Africa","Kweneng, Botswana"
"1786","BHS","Bahamas","Harbour Island","America","Harbour Island, Bahamas"
"2191","PRY","Paraguay","Concepción","America","Concepción, Paraguay"
"1970","DMA","Dominica","St. David","America","St. David, Dominica"
"3937","CHE","Switzerland","Schwyz","Europe","Schwyz, Switzerland"
"2428","AFG","Afghanistan","Sar-E-Pul","Asia","Sar-E-Pul, Afghanistan"
"3103","TUR","Türkiye","Adana","Asia","Adana, Türkiye"
"3158","TUR","Türkiye","Manisa","Asia","Manisa, Türkiye"
"1538","NGA","Nigeria","Kebbi","Africa","Kebbi, Nigeria"
"3914","SWE","Sweden","Värmland","Europe","Värmland, Sweden"
"2771","KAZ","Kazakhstan","Atyrau Region","Asia","Atyrau Region, Kazakhstan"
"3742","MDA","Republic of Moldova","Cahul","Europe","Cahul, Republic of Moldova"
"3381","CUW","Curaçao","Administrative Unit Not Available","Europe","Curaçao"
"2713","JPN","Japan","Fukushima","Asia","Fukushima, Japan"
"1506","NAM","Namibia","Oshikoto","Africa","Oshikoto, Namibia"
"2102","JAM","Jamaica","Manchester","America","Manchester, Jamaica"
"3618","LIE","Liechtenstein","Triesenberg","Europe","Triesenberg, Liechtenstein"
"1358","KEN","Kenya","Embu","Africa","Embu, Kenya"
"3311","AUT","Austria","Kärnten","Europe","Kärnten, Austria"
"3459","DEU","Germany","Brandenburg","Europe","Brandenburg, Germany"
"3162","TUR","Türkiye","Mus","Asia","Mus, Türkiye"
"1362","KEN","Kenya","Kajiado","Africa","Kajiado, Kenya"
"3258","VNM","Viet Nam","Thai Binh","Asia","Thai Binh, Viet Nam"
"3335","BGR","Bulgaria","Gabrovo","Europe","Gabrovo, Bulgaria"
"3635","MLT","Malta","Northern Region","Europe","Northern Region, Malta"
"1302","xFR","Europa Island","Administrative Unit Not Available","Africa","Europa Island"
"3975","GBR","United Kingdom of Great Britain and Northern Ireland","Scotland","Europe","Scotland, United Kingdom of Great Britain and Northern Ireland"
"1894","CYM","Cayman Islands","North Side","America","North Side, Cayman Islands"
"1580","SYC","Seychelles","La Digue","Africa","La Digue, Seychelles"
"1853","BRA","Brazil","Mato Grosso","America","Mato Grosso, Brazil"
"2852","MDV","Maldives","Laamu","Asia","Laamu, Maldives"
"2441","ARM","Armenia","Tavush","Asia","Tavush, Armenia"
"1606","SOM","Somalia","Woqooyi Galbeed","Africa","Woqooyi Galbeed, Somalia"
"3547","IRL","Ireland","Wicklow","Europe","Wicklow, Ireland"
"1823","BMU","Bermuda","Hamilton","America","Hamilton, Bermuda"
"3298","ALB","Albania","Kukes","Europe","Kukes, Albania"
"2418","AFG","Afghanistan","Logar","Asia","Logar, Afghanistan"
"1171","TCD","Chad","Logone Oriental","Africa","Logone Oriental, Chad"
"3466","DEU","Germany","Rheinland-Pfalz","Europe","Rheinland-Pfalz, Germany"
"2942","KOR","Republic Of Korea","Chungchongnam-Do","Asia","Chungchongnam-Do, Republic Of Korea"
"2367","URY","Uruguay","Río Negro","America","Río Negro, Uruguay"
"1215","COD","Democratic Republic of the Congo","Haut-Uélé","Africa","Haut-Uélé, Democratic Republic of the Congo"
"3310","AUT","Austria","Burgenland","Europe","Burgenland, Austria"
"2515","KHM","Cambodia","Mondul Kiri","Asia","Mondul Kiri, Cambodia"
"2747","JPN","Japan","Toyama","Asia","Toyama, Japan"
"2151","MSR","Montserrat","Saint Peter","America","Saint Peter, Montserrat"
"2119","MEX","Mexico","Baja California Sur","America","Baja California Sur, Mexico"
"3473","GRC","Greece","Aigaioy","Europe","Aigaioy, Greece"
"2278","TTO","Trinidad And Tobago","Arima","America","Arima, Trinidad And Tobago"
"3678","MKD","North Macedonia","Southeast","Europe","Southeast, North Macedonia"
"3798","ROU","Romania","Iasi","Europe","Iasi, Romania"
"3991","CCK","Cocos (Keeling) Islands","Administrative Unit Not Available","Oceania","Cocos (Keeling) Islands"
"2251","LCA","Saint Lucia","Choiseul","America","Choiseul, Saint Lucia"
"1944","COL","Colombia","Vaupes","America","Vaupes, Colombia"
"1794","BHS","Bahamas","North Abaco","America","North Abaco, Bahamas"
"2120","MEX","Mexico","Campeche","America","Campeche, Mexico"
"2551","CHN","China","Qinghai Province","Asia","Qinghai Province, China"
"3157","TUR","Türkiye","Malatya","Asia","Malatya, Türkiye"
"1472","MUS","Mauritius","Savannah","Africa","Savannah, Mauritius"
"1678","UGA","Uganda","Western","Africa","Western, Uganda"
"1352","xFR","Juan De Nova Island","Administrative Unit Not Available","Africa","Juan De Nova Island"
"1063","AGO","Angola","Moxico","Africa","Moxico, Angola"
"2815","LAO","Lao People's Democratic Republic","Xaisomboun","Asia","Xaisomboun, Lao People's Democratic Republic"
"1492","MOZ","Mozambique","Sofala","Africa","Sofala, Mozambique"
"3980","AUS","Australia","Australian Capital Territory","Oceania","Australian Capital Territory, Australia"
"3153","TUR","Türkiye","Kirsehir","Asia","Kirsehir, Türkiye"
"1467","MUS","Mauritius","Pamplemousses","Africa","Pamplemousses, Mauritius"
"3078","THA","Thailand","Ubon Ratchathani","Asia","Ubon Ratchathani, Thailand"
"2726","JPN","Japan","Kyoto","Asia","Kyoto, Japan"
"3286","YEM","Yemen","Sana'A City","Asia","Sana'A City, Yemen"
"2198","PRY","Paraguay","San Pedro","America","San Pedro, Paraguay"
"2945","KOR","Republic Of Korea","Kwangju","Asia","Kwangju, Republic Of Korea"
"4005","FSM","Micronesia (Federated States of)","Chuuk","Oceania","Chuuk, Micronesia (Federated States of)"
"2243","KNA","Saint Kitts And Nevis","Saint Paul Charlestown","America","Saint Paul Charlestown, Saint Kitts And Nevis"
"2007","ECU","Ecuador","Pichincha","America","Pichincha, Ecuador"
"2229","PRI","Puerto Rico","Humacao","America","Humacao, Puerto Rico"
"2434","ARM","Armenia","Ararat","Asia","Ararat, Armenia"
"3207","VNM","Viet Nam","Bac Giang","Asia","Bac Giang, Viet Nam"
"1941","COL","Colombia","Sucre","America","Sucre, Colombia"
"2223","PER","Peru","Tumbes","America","Tumbes, Peru"
"3972","UKR","Ukraine","Zhytomyrska","Europe","Zhytomyrska, Ukraine"
"3557","IMN","Isle of Man","Laxey","Europe","Laxey, Isle of Man"
"1633","SDN","Sudan","Khartoum","Africa","Khartoum, Sudan"
"2159","NIC","Nicaragua","León","America","León, Nicaragua"
"1646","TGO","Togo","Kara","Africa","Kara, Togo"
"3814","ROU","Romania","Vaslui","Europe","Vaslui, Romania"
"3877","SVN","Slovenia","Primorsko-notranjska","Europe","Primorsko-notranjska, Slovenia"
"3601","JEY","Jersey","Saint Peter","Europe","Saint Peter, Jersey"
"1040","DZA","Algeria","Souk-Ahras","Africa","Souk-Ahras, Algeria"
"1536","NGA","Nigeria","Kano","Africa","Kano, Nigeria"
"1179","TCD","Chad","Sila","Africa","Sila, Chad"
"2355","URY","Uruguay","Canelones","America","Canelones, Uruguay"
"3962","UKR","Ukraine","Odeska","Europe","Odeska, Ukraine"
"2785","KAZ","Kazakhstan","West Kazakhstan Region","Asia","West Kazakhstan Region, Kazakhstan"
"3898","ESP","Spain","Región de Murcia","Europe","Región de Murcia, Spain"
"1439","MLI","Mali","Kayes","Africa","Kayes, Mali"
"1138","CPV","Cabo Verde","Santiago","Africa","Santiago, Cabo Verde"
"1360","KEN","Kenya","Homa Bay","Africa","Homa Bay, Kenya"
"1563","STP","Sao Tome And Principe","Príncipe","Africa","Príncipe, Sao Tome And Principe"
"1790","BHS","Bahamas","Mangrove Cay","America","Mangrove Cay, Bahamas"
"2364","URY","Uruguay","Paysandú","America","Paysandú, Uruguay"
"1950","CRI","Costa Rica","Limón","America","Limón, Costa Rica"
"3122","TUR","Türkiye","Burdur","Asia","Burdur, Türkiye"
"3175","TUR","Türkiye","Tekirdag","Asia","Tekirdag, Türkiye"
"1291","ETH","Ethiopia","Amhara","Africa","Amhara, Ethiopia"
"2863","MNG","Mongolia","Bayan-Ölgii","Asia","Bayan-Ölgii, Mongolia"
"3694","NOR","Norway","Vestland","Europe","Vestland, Norway"
"3953","UKR","Ukraine","Ivano-Frankivska","Europe","Ivano-Frankivska, Ukraine"
"1168","TCD","Chad","Kanem","Africa","Kanem, Chad"
"2436","ARM","Armenia","Gegharkunik","Asia","Gegharkunik, Armenia"
"3066","THA","Thailand","Saraburi","Asia","Saraburi, Thailand"
"1514","NER","Niger","Tahoua","Africa","Tahoua, Niger"
"1529","NGA","Nigeria","Ekiti","Africa","Ekiti, Nigeria"
"3015","THA","Thailand","Chanthaburi","Asia","Chanthaburi, Thailand"
"2867","MNG","Mongolia","Dornod","Asia","Dornod, Mongolia"
"1002","DZA","Algeria","Ain-Defla","Africa","Ain-Defla, Algeria"
"2524","KHM","Cambodia","Siemreap","Asia","Siemreap, Cambodia"
"1636","SDN","Sudan","Northern","Africa","Northern, Sudan"
"3242","VNM","Viet Nam","Lao Cai","Asia","Lao Cai, Viet Nam"
"2757","JOR","Jordan","Irbid","Asia","Irbid, Jordan"
"1279","ERI","Eritrea","Anseba","Africa","Anseba, Eritrea"
"2424","AFG","Afghanistan","Paktya","Asia","Paktya, Afghanistan"
"2282","TTO","Trinidad And Tobago","Mayaro/Rio Claro","America","Mayaro/Rio Claro, Trinidad And Tobago"
"2273","SUR","Suriname","Para","America","Para, Suriname"
"2313","USA","United States of America","Hawaii","America","Hawaii, United States of America"
"1891","CYM","Cayman Islands","Bodden Town","America","Bodden Town, Cayman Islands"
"3535","IRL","Ireland","Longford","Europe","Longford, Ireland"
"2142","MEX","Mexico","Sonora","America","Sonora, Mexico"
"2495","BTN","Bhutan","Trashiyangtse","Asia","Trashiyangtse, Bhutan"
"2136","MEX","Mexico","Oaxaca","America","Oaxaca, Mexico"
"3985","AUS","Australia","South Australia","Oceania","South Australia, Australia"
"1627","SDN","Sudan","Aj Jazirah","Africa","Aj Jazirah, Sudan"
"3295","ALB","Albania","Fier","Europe","Fier, Albania"
"4002","KIR","Kiribati","South Tarawa","Oceania","South Tarawa, Kiribati"
"2238","KNA","Saint Kitts And Nevis","Saint James Windward","America","Saint James Windward, Saint Kitts And Nevis"
"2890","NPL","Nepal","Koshi","Asia","Koshi, Nepal"
"1637","SDN","Sudan","Red Sea","Africa","Red Sea, Sudan"
"2823","LBN","Lebanon","Mount Lebanon","Asia","Mount Lebanon, Lebanon"
"2825","LBN","Lebanon","South","Asia","South, Lebanon"
"1929","COL","Colombia","Huila","America","Huila, Colombia"
"2979","LKA","Sri Lanka","Eastern","Asia","Eastern, Sri Lanka"
"3963","UKR","Ukraine","Poltavska","Europe","Poltavska, Ukraine"
"2760","JOR","Jordan","Ma'An","Asia","Ma'An, Jordan"
"1775","BHS","Bahamas","Biminis","America","Biminis, Bahamas"
"4076","TKL","Tokelau","Administrative Unit Not Available","Oceania","Tokelau"
"2925","PHL","Philippines","Region Viii (Eastern Visayas)","Asia","Region Viii (Eastern Visayas), Philippines"
"3089","TLS","Timor-Leste","Dili","Asia","Dili, Timor-Leste"
"3749","MDA","Republic of Moldova","Donduseni","Europe","Donduseni, Republic of Moldova"
"2366","URY","Uruguay","Rocha","America","Rocha, Uruguay"
"3657","MNE","Montenegro","Savnik","Europe","Savnik, Montenegro"
"1308","GAB","Gabon","Nyanga","Africa","Nyanga, Gabon"
"1369","KEN","Kenya","Kisumu","Africa","Kisumu, Kenya"
"1557","RWA","Rwanda","Iburengerazuba","Africa","Iburengerazuba, Rwanda"
"3714","PRT","Portugal","Braga","Europe","Braga, Portugal"
"2565","PRK","Democratic People's Republic of Korea","Kangwon","Asia","Kangwon, Democratic People's Republic of Korea"
"4030","MNP","Northern Mariana Islands","Administrative Unit Not Available","Oceania","Northern Mariana Islands"
"2626","IDN","Indonesia","Kalimantan Barat","Asia","Kalimantan Barat, Indonesia"
"1266","EGY","Egypt","Qena","Africa","Qena, Egypt"
"2570","PRK","Democratic People's Republic of Korea","Pyongyang","Asia","Pyongyang, Democratic People's Republic of Korea"
"2534","CHN","China","Fujian Province","Asia","Fujian Province, China"
"1072","BEN","Benin","Atacora","Africa","Atacora, Benin"
"3332","BGR","Bulgaria","Blagoevgrad","Europe","Blagoevgrad, Bulgaria"
"3128","TUR","Türkiye","Diyarbakir","Asia","Diyarbakir, Türkiye"
"2472","BGD","Bangladesh","Barisal","Asia","Barisal, Bangladesh"
"2109","JAM","Jamaica","Saint Mary","America","Saint Mary, Jamaica"
"1622","SSD","South Sudan","Unity","Africa","Unity, South Sudan"
"2349","USA","United States of America","Washington","America","Washington, United States of America"
"2260","SPM","Saint Pierre and Miquelon","Saint-Pierre","America","Saint-Pierre, Saint Pierre and Miquelon"
"3723","PRT","Portugal","Ilha de Porto Santo (Madeira)","Europe","Ilha de Porto Santo (Madeira), Portugal"
"1403","LSO","Lesotho","Mafeteng","Africa","Mafeteng, Lesotho"
"2980","LKA","Sri Lanka","North Central","Asia","North Central, Sri Lanka"
"3574","ITA","Italy","Calabria","Europe","Calabria, Italy"
"2203","PER","Peru","Arequipa","America","Arequipa, Peru"
"3994","FJI","Fiji","Eastern Division","Oceania","Eastern Division, Fiji"
"2557","CHN","China","Tianjin Municipality","Asia","Tianjin Municipality, China"
"3806","ROU","Romania","Salaj","Europe","Salaj, Romania"
"1325","GHA","Ghana","Greater Accra","Africa","Greater Accra, Ghana"
"3826","SRB","Serbia","Borski","Europe","Borski, Serbia"
"4028","NIU","Niue","Administrative Unit Not Available","Oceania","Niue"
"2517","KHM","Cambodia","Pailin","Asia","Pailin, Cambodia"
"1920","COL","Colombia","Caqueta","America","Caqueta, Colombia"
"1772","ABW","Aruba","Administrative Unit Not Available","America","Aruba"
"2729","JPN","Japan","Miyagi","Asia","Miyagi, Japan"
"1197","COG","Congo","Sangha","Africa","Sangha, Congo"
"3095","TLS","Timor-Leste","Oecussi","Asia","Oecussi, Timor-Leste"
"3487","GGY","Guernsey","Saint Peter Port","Europe","Saint Peter Port, Guernsey"
"2149","MSR","Montserrat","Saint Anthony","America","Saint Anthony, Montserrat"
"3326","BEL","Belgium","Brussels-Capital Region","Europe","Brussels-Capital Region, Belgium"
"2975","SGP","Singapore","Sembawang-Hong Kah","Asia","Sembawang-Hong Kah, Singapore"
"2774","KAZ","Kazakhstan","Jetisu Region","Asia","Jetisu Region, Kazakhstan"
"2244","KNA","Saint Kitts And Nevis","Saint Peter Basseterre","America","Saint Peter Basseterre, Saint Kitts And Nevis"
"4035","PNG","Papua New Guinea","East New Britain Province","Oceania","East New Britain Province, Papua New Guinea"
"2749","JPN","Japan","Yamagata","Asia","Yamagata, Japan"
"3778","ROU","Romania","Bihor","Europe","Bihor, Romania"
"1238","DJI","Djibouti","Ali Sabieh","Africa","Ali Sabieh, Djibouti"
"2085","HND","Honduras","Copan","America","Copan, Honduras"
"1470","MUS","Mauritius","Rivinre Du Rempart","Africa","Rivinre Du Rempart, Mauritius"
"3425","FIN","Finland","Etelä-Suomen aluehallintovirasto","Europe","Etelä-Suomen aluehallintovirasto, Finland"
"3740","MDA","Republic of Moldova","Bender","Europe","Bender, Republic of Moldova"
"2885","MMR","Myanmar","State","Asia","State, Myanmar"
"3347","BGR","Bulgaria","Shumen","Europe","Shumen, Bulgaria"
"3100","TKM","Turkmenistan","Mary","Asia","Mary, Turkmenistan"
"1564","STP","Sao Tome And Principe","São Tomé","Africa","São Tomé, Sao Tome And Principe"
"1395","KEN","Kenya","Turkana","Africa","Turkana, Kenya"
"2844","MDV","Maldives","Baa","Asia","Baa, Maldives"
"3656","MNE","Montenegro","Rozaj","Europe","Rozaj, Montenegro"
"2329","USA","United States of America","Nebraska","America","Nebraska, United States of America"
"1196","COG","Congo","Pool","Africa","Pool, Congo"
"1640","SDN","Sudan","South Darfur","Africa","South Darfur, Sudan"
"3244","VNM","Viet Nam","Nam Dinh","Asia","Nam Dinh, Viet Nam"
"3327","BEL","Belgium","Flemish Region","Europe","Flemish Region, Belgium"
"2941","KOR","Republic Of Korea","Chungchongbuk-Do","Asia","Chungchongbuk-Do, Republic Of Korea"
"4073","SLB","Solomon Islands","Rennell-Bell","Oceania","Rennell-Bell, Solomon Islands"
"2751","JPN","Japan","Yamanashi","Asia","Yamanashi, Japan"
"1780","BHS","Bahamas","Central Eleuthera","America","Central Eleuthera, Bahamas"
"2575","xxx","Disputed Area(xxx)","Administrative Unit Not Available","Asia","Disputed Area(xxx)"
"1076","BEN","Benin","Couffo","Africa","Couffo, Benin"
"1914","COL","Colombia","Antioquia","America","Antioquia, Colombia"
"2834","MYS","Malaysia","Pulau Pinang","Asia","Pulau Pinang, Malaysia"
"2586","IND","India","Disputed (Madhya Pradesh & Gujarat)","Asia","Disputed (Madhya Pradesh & Gujarat), India"
"1878","CAN","Canada","British Columbia / Colombie-Britannique","America","British Columbia / Colombie-Britannique, Canada"
"3132","TUR","Türkiye","Erzincan","Asia","Erzincan, Türkiye"
"3234","VNM","Viet Nam","Hoa Binh","Asia","Hoa Binh, Viet Nam"
"3211","VNM","Viet Nam","Ben Tre","Asia","Ben Tre, Viet Nam"
"2130","MEX","Mexico","Jalisco","America","Jalisco, Mexico"
"1392","KEN","Kenya","Tana River","Africa","Tana River, Kenya"
"2544","CHN","China","Hunan Province","Asia","Hunan Province, China"
"4063","WSM","Samoa","Tuamasaga","Oceania","Tuamasaga, Samoa"
"2027","FLK","Falkland Islands (Malvinas)","Administrative Unit Not Available","America","Falkland Islands (Malvinas)"
"2084","HND","Honduras","Comayagua","America","Comayagua, Honduras"
"2447","AZE","Azerbaijan","Central Aran Economic Region","Asia","Central Aran Economic Region, Azerbaijan"
"4006","FSM","Micronesia (Federated States of)","Kosrae","Oceania","Kosrae, Micronesia (Federated States of)"
"3472","GIB","Gibraltar","Administrative Unit Not Available","Europe","Gibraltar"
"2310","USA","United States of America","District Of Columbia","America","District Of Columbia, United States of America"
"2553","CHN","China","Shandong Province","Asia","Shandong Province, China"
"1191","COG","Congo","Lekoumou","Africa","Lekoumou, Congo"
"1247","EGY","Egypt","Aswan","Africa","Aswan, Egypt"
"1376","KEN","Kenya","Mandera","Africa","Mandera, Kenya"
"3187","ARE","United Arab Emirates","Fujairah","Asia","Fujairah, United Arab Emirates"
"2615","IDN","Indonesia","Aceh","Asia","Aceh, Indonesia"
"4045","PNG","Papua New Guinea","Morobe Province","Oceania","Morobe Province, Papua New Guinea"
"1080","BEN","Benin","Oueme","Africa","Oueme, Benin"
"1721","ZWE","Zimbabwe","Bulawayo","Africa","Bulawayo, Zimbabwe"
"2830","MYS","Malaysia","Negeri Sembilan","Asia","Negeri Sembilan, Malaysia"
"3758","MDA","Republic of Moldova","Leova","Europe","Leova, Republic of Moldova"
"3986","AUS","Australia","Tasmania","Oceania","Tasmania, Australia"
"3278","YEM","Yemen","Hadramawt","Asia","Hadramawt, Yemen"
"1185","COM","Comoros","Mohéli (Mwali)","Africa","Mohéli (Mwali), Comoros"
"1486","MOZ","Mozambique","Gaza","Africa","Gaza, Mozambique"
"3170","TUR","Türkiye","Sanliurfa","Asia","Sanliurfa, Türkiye"
"2664","IRN","Iran (Islamic Republic Of)","Kohgiluyeh And Boyer-Ahmad","Asia","Kohgiluyeh And Boyer-Ahmad, Iran (Islamic Republic Of)"
"2016","SLV","El Salvador","Cuscatlán","America","Cuscatlán, El Salvador"
"3152","TUR","Türkiye","Kirklareli","Asia","Kirklareli, Türkiye"
"1393","KEN","Kenya","Tharaka-Nithi","Africa","Tharaka-Nithi, Kenya"
"1796","BHS","Bahamas","North Eleuthera","America","North Eleuthera, Bahamas"
"2116","MTQ","Martinique","Saint-Pierre","America","Saint-Pierre, Martinique"
"1101","BFA","Burkina Faso","Boucle Du Mouhoun","Africa","Boucle Du Mouhoun, Burkina Faso"
"1301","ETH","Ethiopia","Tigray","Africa","Tigray, Ethiopia"
"1696","TZA","United Republic of Tanzania","Mjini Magharibi","Africa","Mjini Magharibi, United Republic of Tanzania"
"2710","JPN","Japan","Ehime","Asia","Ehime, Japan"
"3169","TUR","Türkiye","Samsun","Asia","Samsun, Türkiye"
"3183","TUR","Türkiye","Zonguldak","Asia","Zonguldak, Türkiye"
"2471","BHR","Bahrain","Western Region","Asia","Western Region, Bahrain"
"1129","BDI","Burundi","Rumonge","Africa","Rumonge, Burundi"
"3194","UZB","Uzbekistan","Fergana","Asia","Fergana, Uzbekistan"
"3751","MDA","Republic of Moldova","Dubasari","Europe","Dubasari, Republic of Moldova"
"3409","EST","Estonia","Hiiu maakond","Europe","Hiiu maakond, Estonia"
"3830","SRB","Serbia","Južno-Banatski","Europe","Južno-Banatski, Serbia"
"1658","TUN","Tunisia","Kairouan","Africa","Kairouan, Tunisia"
"2028","GUF","French Guiana","Cayenne","America","Cayenne, French Guiana"
"1550","NGA","Nigeria","Sokoto","Africa","Sokoto, Nigeria"
"3637","MLT","Malta","Southern Harbour Reg","Europe","Southern Harbour Reg, Malta"
"2582","IND","India","Chandigarh","Asia","Chandigarh, India"
"2697","IRQ","Iraq","Thi Qar","Asia","Thi Qar, Iraq"
"2233","BLM","Saint Barthélemy","Administrative Unit Not Available","America","Saint Barthélemy"
"3368","HRV","Croatia","Pazin","Europe","Pazin, Croatia"
"1340","GNB","Guinea-Bissau","Bafatá","Africa","Bafatá, Guinea-Bissau"
"1430","MDG","Madagascar","Fianarantsoa","Africa","Fianarantsoa, Madagascar"
"1841","BES","Bonaire, Sint Eustatius And Saba","Saba","America","Saba, Bonaire, Sint Eustatius And Saba"
"2412","AFG","Afghanistan","Kandahar","Asia","Kandahar, Afghanistan"
"4080","TON","Tonga","Tongatapu","Oceania","Tongatapu, Tonga"
"1013","DZA","Algeria","Boumerdes","Africa","Boumerdes, Algeria"
"2180","PAN","Panama","Panamá Oeste","America","Panamá Oeste, Panama"
"2845","MDV","Maldives","Dhaalu","Asia","Dhaalu, Maldives"
"1921","COL","Colombia","Casanare","America","Casanare, Colombia"
"2413","AFG","Afghanistan","Kapisa","Asia","Kapisa, Afghanistan"
"1423","LBR","Liberia","Rivercess","Africa","Rivercess, Liberia"
"1698","TZA","United Republic of Tanzania","Mtwara","Africa","Mtwara, United Republic of Tanzania"
"1413","LBR","Liberia","Grand Bassa","Africa","Grand Bassa, Liberia"
"1801","BHS","Bahamas","South Andros","America","South Andros, Bahamas"
"3483","GGY","Guernsey","Herm","Europe","Herm, Guernsey"
"2453","AZE","Azerbaijan","Lankaran-Astara Economic Region","Asia","Lankaran-Astara Economic Region, Azerbaijan"
"1047","DZA","Algeria","Tizi Ouzou","Africa","Tizi Ouzou, Algeria"
"2737","JPN","Japan","Osaka","Asia","Osaka, Japan"
"3252","VNM","Viet Nam","Quang Ngai","Asia","Quang Ngai, Viet Nam"
"3738","MDA","Republic of Moldova","Balti","Europe","Balti, Republic of Moldova"
"2003","ECU","Ecuador","Morona Santiago","America","Morona Santiago, Ecuador"
"3677","MKD","North Macedonia","Skopje","Europe","Skopje, North Macedonia"
"2974","SGP","Singapore","Potong Pasir","Asia","Potong Pasir, Singapore"
"3340","BGR","Bulgaria","Montana","Europe","Montana, Bulgaria"
"2627","IDN","Indonesia","Kalimantan Selatan","Asia","Kalimantan Selatan, Indonesia"
"2564","PRK","Democratic People's Republic of Korea","Jagang","Asia","Jagang, Democratic People's Republic of Korea"
"2455","AZE","Azerbaijan","Mountainous Shirvan Economic Region","Asia","Mountainous Shirvan Economic Region, Azerbaijan"
"1462","MUS","Mauritius","Cargados Carajos Shoals","Africa","Cargados Carajos Shoals, Mauritius"
"1518","NGA","Nigeria","Adamawa","Africa","Adamawa, Nigeria"
"3079","THA","Thailand","Udon Thani","Asia","Udon Thani, Thailand"
"3896","ESP","Spain","País Vasco","Europe","País Vasco, Spain"
"2894","OMN","Oman","Ad Dakhliyah","Asia","Ad Dakhliyah, Oman"
"2029","GUF","French Guiana","Saint-Laurent-Du-Maroni","America","Saint-Laurent-Du-Maroni, French Guiana"
"1190","COG","Congo","Kouilou","Africa","Kouilou, Congo"
"1827","BMU","Bermuda","Sandys","America","Sandys, Bermuda"
"1766","ARG","Argentina","San Luis","America","San Luis, Argentina"
"2235","KNA","Saint Kitts And Nevis","Saint Anne Sandy Point","America","Saint Anne Sandy Point, Saint Kitts And Nevis"
"2671","IRN","Iran (Islamic Republic Of)","Qom","Asia","Qom, Iran (Islamic Republic Of)"
"3546","IRL","Ireland","Wexford","Europe","Wexford, Ireland"
"2691","IRQ","Iraq","Erbil","Asia","Erbil, Iraq"
"1523","NGA","Nigeria","Benue","Africa","Benue, Nigeria"
"1539","NGA","Nigeria","Kogi","Africa","Kogi, Nigeria"
"2938","KOR","Republic Of Korea","Cheju-Do","Asia","Cheju-Do, Republic Of Korea"
"3639","MCO","Monaco","Administrative Unit Not Available","Europe","Monaco"
"3627","LTU","Lithuania","Utenos apskr.","Europe","Utenos apskr., Lithuania"
"2338","USA","United States of America","Oklahoma","America","Oklahoma, United States of America"
"3692","NOR","Norway","Trøndelag - Trööndelage","Europe","Trøndelag - Trööndelage, Norway"
"1118","BDI","Burundi","Cibitoke","Africa","Cibitoke, Burundi"
"3767","MDA","Republic of Moldova","Stefan Voda","Europe","Stefan Voda, Republic of Moldova"
"1641","SDN","Sudan","South Kordofan","Africa","South Kordofan, Sudan"
"2655","IRN","Iran (Islamic Republic Of)","Gilan","Asia","Gilan, Iran (Islamic Republic Of)"
"1986","DOM","Dominican Republic","Ozama","America","Ozama, Dominican Republic"
"3728","PRT","Portugal","Lisboa","Europe","Lisboa, Portugal"
"1311","GAB","Gabon","Ogooue-Maritime","Africa","Ogooue-Maritime, Gabon"
"2254","LCA","Saint Lucia","Laborie","America","Laborie, Saint Lucia"
"1030","DZA","Algeria","Mostaganem","Africa","Mostaganem, Algeria"
"2766","KAZ","Kazakhstan","Akmola Region","Asia","Akmola Region, Kazakhstan"
"1087","BWA","Botswana","Ghanzi","Africa","Ghanzi, Botswana"
"1739","AIA","Anguilla","West End Including Long Bay","America","West End Including Long Bay, Anguilla"
"1478","MAR","Morocco","Guelmim-Oued Noun","Africa","Guelmim-Oued Noun, Morocco"
"3503","HUN","Hungary","Heves","Europe","Heves, Hungary"
"1513","NER","Niger","Maradi","Africa","Maradi, Niger"
"1466","MUS","Mauritius","Ole Rodrigues","Africa","Ole Rodrigues, Mauritius"
"2948","KOR","Republic Of Korea","Kyongsangnam-Do","Asia","Kyongsangnam-Do, Republic Of Korea"
"1692","TZA","United Republic of Tanzania","Lindi","Africa","Lindi, United Republic of Tanzania"
"3909","SWE","Sweden","Norrbotten","Europe","Norrbotten, Sweden"
"4050","PNG","Papua New Guinea","West New Britain Province","Oceania","West New Britain Province, Papua New Guinea"
"2685","IRQ","Iraq","Al-Qadissiya","Asia","Al-Qadissiya, Iraq"
"1489","MOZ","Mozambique","Maputo","Africa","Maputo, Mozambique"
"3818","RUS","Russian Federation","North Caucasus federal district","Europe","North Caucasus federal district, Russian Federation"
"1459","MRT","Mauritania","Tiris-Zemmou","Africa","Tiris-Zemmou, Mauritania"
"3254","VNM","Viet Nam","Quang Tri","Asia","Quang Tri, Viet Nam"
"3396","CZE","Czechia","Plzeňský","Europe","Plzeňský, Czechia"
"1177","TCD","Chad","Ouaddaï","Africa","Ouaddaï, Chad"
"1401","LSO","Lesotho","Butha-Buthe","Africa","Butha-Buthe, Lesotho"
"3984","AUS","Australia","Queensland","Oceania","Queensland, Australia"
"3960","UKR","Ukraine","Lvivska","Europe","Lvivska, Ukraine"
"2384","VEN","Venezuela (Bolivarian Republic Of)","Federal Dependencies","America","Federal Dependencies, Venezuela (Bolivarian Republic Of)"
"1819","BLZ","Belize","Orange Walk","America","Orange Walk, Belize"
"2132","MEX","Mexico","Morelos","America","Morelos, Mexico"
"1455","MRT","Mauritania","Nouakchott-Nord","Africa","Nouakchott-Nord, Mauritania"
"2291","TTO","Trinidad And Tobago","Tobago","America","Tobago, Trinidad And Tobago"
"4064","WSM","Samoa","Va'a-o-Fonoti","Oceania","Va'a-o-Fonoti, Samoa"
"1553","NGA","Nigeria","Zamfara","Africa","Zamfara, Nigeria"
"2454","AZE","Azerbaijan","Mil-Mughan Economic Region","Asia","Mil-Mughan Economic Region, Azerbaijan"
"3912","SWE","Sweden","Södermanland","Europe","Södermanland, Sweden"
"3623","LTU","Lithuania","Marijampolės apskr.","Europe","Marijampolės apskr., Lithuania"
"1867","BRA","Brazil","Sergipe","America","Sergipe, Brazil"
"3338","BGR","Bulgaria","Kyustendil","Europe","Kyustendil, Bulgaria"
"2956","SAU","Saudi Arabia","Al Qaseem","Asia","Al Qaseem, Saudi Arabia"
"1433","MDG","Madagascar","Toliara","Africa","Toliara, Madagascar"
"2429","AFG","Afghanistan","Takhar","Asia","Takhar, Afghanistan"
"3750","MDA","Republic of Moldova","Drochia","Europe","Drochia, Republic of Moldova"
"1671","TUN","Tunisia","Tataouine","Africa","Tataouine, Tunisia"
"1733","AIA","Anguilla","Island Harbour","America","Island Harbour, Anguilla"
"1802","BHS","Bahamas","South Eleuthera","America","South Eleuthera, Bahamas"
"1225","COD","Democratic Republic of the Congo","Lualaba","Africa","Lualaba, Democratic Republic of the Congo"
"3248","VNM","Viet Nam","Phu Tho","Asia","Phu Tho, Viet Nam"
"1198","CIV","Côte D'Ivoire","Abidjan","Africa","Abidjan, Côte D'Ivoire"
"3365","HRV","Croatia","Koprivnica","Europe","Koprivnica, Croatia"
"3467","DEU","Germany","Saarland","Europe","Saarland, Germany"
"1241","DJI","Djibouti","Djiboutii","Africa","Djiboutii, Djibouti"
"3000","SYR","Syrian Arab Republic","Tartous","Asia","Tartous, Syrian Arab Republic"
"2140","MEX","Mexico","San Luis Potosí","America","San Luis Potosí, Mexico"
"3727","PRT","Portugal","Leiria","Europe","Leiria, Portugal"
"3474","GRC","Greece","Attikis","Europe","Attikis, Greece"
"3414","EST","Estonia","Lääne-Viru maakond","Europe","Lääne-Viru maakond, Estonia"
"2732","JPN","Japan","Nagasaki","Asia","Nagasaki, Japan"
"2961","SAU","Saudi Arabia","Jazan","Asia","Jazan, Saudi Arabia"
"1961","CUB","Cuba","La Habana","America","La Habana, Cuba"
"2279","TTO","Trinidad And Tobago","Chaguanas","America","Chaguanas, Trinidad And Tobago"
"3757","MDA","Republic of Moldova","Ialoveni","Europe","Ialoveni, Republic of Moldova"
"2350","USA","United States of America","Waterbody","America","Waterbody, United States of America"
"1465","MUS","Mauritius","Moka","Africa","Moka, Mauritius"
"1657","TUN","Tunisia","Jendouba","Africa","Jendouba, Tunisia"
"1227","COD","Democratic Republic of the Congo","Maniema","Africa","Maniema, Democratic Republic of the Congo"
"1830","BMU","Bermuda","Warwick","America","Warwick, Bermuda"
"3545","IRL","Ireland","Westmeath","Europe","Westmeath, Ireland"
"2919","PHL","Philippines","Region Iii (Central Luzon)","Asia","Region Iii (Central Luzon), Philippines"
"3424","FIN","Finland","Ahvenanmaan valtionvirasto","Europe","Ahvenanmaan valtionvirasto, Finland"
"1380","KEN","Kenya","Mombasa","Africa","Mombasa, Kenya"
"2317","USA","United States of America","Iowa","America","Iowa, United States of America"
"1336","GIN","Guinea","Kindia","Africa","Kindia, Guinea"
"3484","GGY","Guernsey","Saint Andrew","Europe","Saint Andrew, Guernsey"
"1885","CAN","Canada","Ontario","America","Ontario, Canada"
"3511","HUN","Hungary","Vas","Europe","Vas, Hungary"
"1127","BDI","Burundi","Mwaro","Africa","Mwaro, Burundi"
"3755","MDA","Republic of Moldova","Glodeni","Europe","Glodeni, Republic of Moldova"
"1510","NER","Niger","Communauté Urbaine De Niamey","Africa","Communauté Urbaine De Niamey, Niger"
"1964","CUB","Cuba","Mayabeque","America","Mayabeque, Cuba"
"2110","JAM","Jamaica","Saint Thomas","America","Saint Thomas, Jamaica"
"1973","DMA","Dominica","St. Joseph","America","St. Joseph, Dominica"
"3940","CHE","Switzerland","Thurgau","Europe","Thurgau, Switzerland"
"1720","ZMB","Zambia","Western","Africa","Western, Zambia"
"3268","YEM","Yemen","Abyan","Asia","Abyan, Yemen"
"3662","NLD","Netherlands (Kingdom of the)","Flevoland","Europe","Flevoland, Netherlands (Kingdom of the)"
"1630","SDN","Sudan","East Darfur","Africa","East Darfur, Sudan"
"2065","GUY","Guyana","Essequibo Islands-West Demerara","America","Essequibo Islands-West Demerara, Guyana"
"3612","LIE","Liechtenstein","Mauren","Europe","Mauren, Liechtenstein"
"1619","SSD","South Sudan","Jonglei","Africa","Jonglei, South Sudan"
"1525","NGA","Nigeria","Cross River","Africa","Cross River, Nigeria"
"2651","IRN","Iran (Islamic Republic Of)","Bushehr","Asia","Bushehr, Iran (Islamic Republic Of)"
"3652","MNE","Montenegro","Plav","Europe","Plav, Montenegro"
"2672","IRN","Iran (Islamic Republic Of)","Razavi Khorasan","Asia","Razavi Khorasan, Iran (Islamic Republic Of)"
"2552","CHN","China","Shaanxi Province","Asia","Shaanxi Province, China"
"1672","TUN","Tunisia","Tozeur","Africa","Tozeur, Tunisia"
"2838","MYS","Malaysia","Terengganu","Asia","Terengganu, Malaysia"
"3651","MNE","Montenegro","Niksic","Europe","Niksic, Montenegro"
"1604","SOM","Somalia","Sool","Africa","Sool, Somalia"
"1316","GMB","Gambia","Kanifing Municipal Council","Africa","Kanifing Municipal Council, Gambia"
"1930","COL","Colombia","La Guajira","America","La Guajira, Colombia"
"1064","AGO","Angola","Namibe","Africa","Namibe, Angola"
"3518","ISL","Iceland","Suðurland","Europe","Suðurland, Iceland"
"1085","BWA","Botswana","Francistown","Africa","Francistown, Botswana"
"4047","PNG","Papua New Guinea","New Ireland Province","Oceania","New Ireland Province, Papua New Guinea"
"1996","ECU","Ecuador","Emeralds","America","Emeralds, Ecuador"
"1035","DZA","Algeria","Relizane","Africa","Relizane, Algeria"
"1050","AGO","Angola","Benguela","Africa","Benguela, Angola"
"1758","ARG","Argentina","La Pampa","America","La Pampa, Argentina"
"2742","JPN","Japan","Shizuoka","Asia","Shizuoka, Japan"
"3356","BGR","Bulgaria","Veliko Tarnovo","Europe","Veliko Tarnovo, Bulgaria"
"3854","SXM","Sint Maarten (Dutch part)","Little Bay Area","Europe","Little Bay Area, Sint Maarten (Dutch part)"
"1400","LSO","Lesotho","Berea","Africa","Berea, Lesotho"
"3359","BGR","Bulgaria","Yambol","Europe","Yambol, Bulgaria"
"2995","SYR","Syrian Arab Republic","Homs","Asia","Homs, Syrian Arab Republic"
"1414","LBR","Liberia","Grand Cape Mount","Africa","Grand Cape Mount, Liberia"
"2510","KHM","Cambodia","Kampot","Asia","Kampot, Cambodia"
"1432","MDG","Madagascar","Toamasina","Africa","Toamasina, Madagascar"
"2449","AZE","Azerbaijan","Ganja-Dashkasan Economic Region","Asia","Ganja-Dashkasan Economic Region, Azerbaijan"
"1446","MRT","Mauritania","Adrar","Africa","Adrar, Mauritania"
"2970","SGP","Singapore","Central Singapore","Asia","Central Singapore, Singapore"
"2001","ECU","Ecuador","Los Rios","America","Los Rios, Ecuador"
"3507","HUN","Hungary","Pest megye","Europe","Pest megye, Hungary"
"3363","HRV","Croatia","Grad Zagreb","Europe","Grad Zagreb, Croatia"
"3844","SRB","Serbia","Severno-Bački","Europe","Severno-Bački, Serbia"
"1397","KEN","Kenya","Vihiga","Africa","Vihiga, Kenya"
"1577","SEN","Senegal","Tambacounda","Africa","Tambacounda, Senegal"
"3646","MNE","Montenegro","Danilovgrad","Europe","Danilovgrad, Montenegro"
"3768","MDA","Republic of Moldova","Straseni","Europe","Straseni, Republic of Moldova"
"2030","GRD","Grenada","Carriacou","America","Carriacou, Grenada"
"1908","CHL","Chile","Región De Ñuble","America","Región De Ñuble, Chile"
"2555","CHN","China","Shanxi Province","Asia","Shanxi Province, China"
"2878","MNG","Mongolia","Töv","Asia","Töv, Mongolia"
"1618","SSD","South Sudan","Eastern Equatoria","Africa","Eastern Equatoria, South Sudan"
"3506","HUN","Hungary","Nograd","Europe","Nograd, Hungary"
"2926","PHL","Philippines","Region X (Northern Mindanao)","Asia","Region X (Northern Mindanao), Philippines"
"3735","PRT","Portugal","Viseu","Europe","Viseu, Portugal"
"2249","LCA","Saint Lucia","Canaries","America","Canaries, Saint Lucia"
"3699","POL","Poland","Lubuskie","Europe","Lubuskie, Poland"
"3600","JEY","Jersey","Saint Ouen","Europe","Saint Ouen, Jersey"
"1753","ARG","Argentina","Corrientes","America","Corrientes, Argentina"
"3816","RUS","Russian Federation","Central Federal District","Europe","Central Federal District, Russian Federation"
"3303","AND","Andorra","Andorra La Vella","Europe","Andorra La Vella, Andorra"
"1445","MLI","Mali","Tombouctou","Africa","Tombouctou, Mali"
"1434","MWI","Malawi","Central Region","Africa","Central Region, Malawi"
"1868","BRA","Brazil","São Paulo","America","São Paulo, Brazil"
"2769","KAZ","Kazakhstan","Almaty Region","Asia","Almaty Region, Kazakhstan"
"2400","AFG","Afghanistan","Baghlan","Asia","Baghlan, Afghanistan"
"2666","IRN","Iran (Islamic Republic Of)","Lorestan","Asia","Lorestan, Iran (Islamic Republic Of)"
"4040","PNG","Papua New Guinea","Hela Province","Oceania","Hela Province, Papua New Guinea"
"3942","CHE","Switzerland","Uri","Europe","Uri, Switzerland"
"2869","MNG","Mongolia","Dundgovi","Asia","Dundgovi, Mongolia"
"2619","IDN","Indonesia","Daerah Istimewa Yogyakarta","Asia","Daerah Istimewa Yogyakarta, Indonesia"
"3232","VNM","Viet Nam","Hau Giang","Asia","Hau Giang, Viet Nam"
"2733","JPN","Japan","Nara","Asia","Nara, Japan"
"3171","TUR","Türkiye","Siirt","Asia","Siirt, Türkiye"
"3220","VNM","Viet Nam","Dak Lak","Asia","Dak Lak, Viet Nam"
"1887","CAN","Canada","Quebec / Québec","America","Quebec / Québec, Canada"
"3102","TKM","Turkmenistan","Waterbody","Asia","Waterbody, Turkmenistan"
"1905","CHL","Chile","Región De Magallanes Y Antártica Chilena","America","Región De Magallanes Y Antártica Chilena, Chile"
"2646","IDN","Indonesia","Sumatera Barat","Asia","Sumatera Barat, Indonesia"
"3195","UZB","Uzbekistan","Kashkadarya","Asia","Kashkadarya, Uzbekistan"
"3772","MDA","Republic of Moldova","Ungheni","Europe","Ungheni, Republic of Moldova"
"3299","ALB","Albania","Lezhe","Europe","Lezhe, Albania"
"2049","GTM","Guatemala","Jutiapa","America","Jutiapa, Guatemala"
"2543","CHN","China","Hubei Province","Asia","Hubei Province, China"
"3737","MDA","Republic of Moldova","Anenii Noi","Europe","Anenii Noi, Republic of Moldova"
"2741","JPN","Japan","Shimane","Asia","Shimane, Japan"
"3314","AUT","Austria","Salzburg","Europe","Salzburg, Austria"
"2298","TCA","Turks And Caicos Islands","South Caicos And East Caicos","America","South Caicos And East Caicos, Turks And Caicos Islands"
"3576","ITA","Italy","Emilia-Romagna","Europe","Emilia-Romagna, Italy"
"2603","IND","India","Nagaland","Asia","Nagaland, India"
"1916","COL","Colombia","Atlantico","America","Atlantico, Colombia"
"2257","LCA","Saint Lucia","Vieux-Fort","America","Vieux-Fort, Saint Lucia"
"1624","SSD","South Sudan","Warrap","Africa","Warrap, South Sudan"
"3924","CHE","Switzerland","Basel-Landschaft","Europe","Basel-Landschaft, Switzerland"
"3717","PRT","Portugal","Coimbra","Europe","Coimbra, Portugal"
"2622","IDN","Indonesia","Jambi","Asia","Jambi, Indonesia"
"2657","IRN","Iran (Islamic Republic Of)","Hamadan","Asia","Hamadan, Iran (Islamic Republic Of)"
"3257","VNM","Viet Nam","Tay Ninh","Asia","Tay Ninh, Viet Nam"
"3002","TJK","Tajikistan","Districts Of Republican Subordination","Asia","Districts Of Republican Subordination, Tajikistan"
"3793","ROU","Romania","Giurgiu","Europe","Giurgiu, Romania"
"3722","PRT","Portugal","Ilha da Madeira (Madeira)","Europe","Ilha da Madeira (Madeira), Portugal"
"1131","BDI","Burundi","Ruyigi","Africa","Ruyigi, Burundi"
"3864","SVK","Slovakia","Prešovský kraj","Europe","Prešovský kraj, Slovakia"
"1917","COL","Colombia","Bolivar","America","Bolivar, Colombia"
"1795","BHS","Bahamas","North Andros","America","North Andros, Bahamas"
"2345","USA","United States of America","Texas","America","Texas, United States of America"
"1170","TCD","Chad","Logone Occidental","Africa","Logone Occidental, Chad"
"2200","PER","Peru","Amazonas","America","Amazonas, Peru"
"2104","JAM","Jamaica","Saint Andrew","America","Saint Andrew, Jamaica"
"3594","JEY","Jersey","Saint Clement","Europe","Saint Clement, Jersey"
"1616","ZAF","South Africa","Western Cape","Africa","Western Cape, South Africa"
"2476","BGD","Bangladesh","Mymensingh","Asia","Mymensingh, Bangladesh"
"1653","TUN","Tunisia","Ben Arous","Africa","Ben Arous, Tunisia"
"2999","SYR","Syrian Arab Republic","Rural Damascus","Asia","Rural Damascus, Syrian Arab Republic"
"1522","NGA","Nigeria","Bayelsa","Africa","Bayelsa, Nigeria"
"1342","GNB","Guinea-Bissau","Bolama/Bijagós","Africa","Bolama/Bijagós, Guinea-Bissau"
"1815","BRB","Barbados","Saint Thomas","America","Saint Thomas, Barbados"
"3202","UZB","Uzbekistan","Syrdarya","Asia","Syrdarya, Uzbekistan"
"1061","AGO","Angola","Lunda Sul","Africa","Lunda Sul, Angola"
"3599","JEY","Jersey","Saint Mary","Europe","Saint Mary, Jersey"
"3774","ROU","Romania","Alba","Europe","Alba, Romania"
"2902","OMN","Oman","Dhofar","Asia","Dhofar, Oman"
"2421","AFG","Afghanistan","Nimroz","Asia","Nimroz, Afghanistan"
"4094","UMI","United States Minor Outlying Islands","Johnston Atoll","Oceania","Johnston Atoll, United States Minor Outlying Islands"
"2063","GUY","Guyana","Demerara-Mahaica","America","Demerara-Mahaica, Guyana"
"1186","COG","Congo","Bouenza","Africa","Bouenza, Congo"
"1079","BEN","Benin","Mono","Africa","Mono, Benin"
"2153","NIC","Nicaragua","Carazo","America","Carazo, Nicaragua"
"2563","MAC","China, Macao SAR","Administrative Unit Not Available","Asia","China, Macao SAR"
"4072","SLB","Solomon Islands","Malaita","Oceania","Malaita, Solomon Islands"
"2281","TTO","Trinidad And Tobago","Diego Martin","America","Diego Martin, Trinidad And Tobago"
"3952","UKR","Ukraine","Donetska","Europe","Donetska, Ukraine"
"2285","TTO","Trinidad And Tobago","Port Of Spain","America","Port Of Spain, Trinidad And Tobago"
"1052","AGO","Angola","Cabinda","Africa","Cabinda, Angola"
"2723","JPN","Japan","Kagoshima","Asia","Kagoshima, Japan"
"1722","ZWE","Zimbabwe","Harare","Africa","Harare, Zimbabwe"
"1355","KEN","Kenya","Bungoma","Africa","Bungoma, Kenya"
"3044","THA","Thailand","Pattani","Asia","Pattani, Thailand"
"1959","CUB","Cuba","Holguín","America","Holguín, Cuba"
"1481","MAR","Morocco","Rabat-Salé-Kénitra","Africa","Rabat-Salé-Kénitra, Morocco"
"3434","FRA","France","Centre-Val de Loire","Europe","Centre-Val de Loire, France"
"3502","HUN","Hungary","Hajdu Bihar","Europe","Hajdu Bihar, Hungary"
"2599","IND","India","Maharashtra","Asia","Maharashtra, India"
"2043","GTM","Guatemala","El Progreso","America","El Progreso, Guatemala"
"3663","NLD","Netherlands (Kingdom of the)","Fryslân","Europe","Fryslân, Netherlands (Kingdom of the)"
"1824","BMU","Bermuda","Paget","America","Paget, Bermuda"
"3134","TUR","Türkiye","Eskisehir","Asia","Eskisehir, Türkiye"
"1520","NGA","Nigeria","Anambra","Africa","Anambra, Nigeria"
"1545","NGA","Nigeria","Ondo","Africa","Ondo, Nigeria"
"2549","CHN","China","Liaoning Province","Asia","Liaoning Province, China"
"1143","CMR","Cameroon","Centre","Africa","Centre, Cameroon"
"1418","LBR","Liberia","Margibi","Africa","Margibi, Liberia"
"2746","JPN","Japan","Tottori","Asia","Tottori, Japan"
"1854","BRA","Brazil","Mato Grosso Do Sul","America","Mato Grosso Do Sul, Brazil"
"1673","TUN","Tunisia","Tunis","Africa","Tunis, Tunisia"
"3918","SWE","Sweden","Västra Götaland","Europe","Västra Götaland, Sweden"
"3957","UKR","Ukraine","Kirovohradska","Europe","Kirovohradska, Ukraine"
"1265","EGY","Egypt","Port Said","Africa","Port Said, Egypt"
"1500","NAM","Namibia","Khomas","Africa","Khomas, Namibia"
"2295","TCA","Turks And Caicos Islands","North Caicos","America","North Caicos, Turks And Caicos Islands"
"3560","IMN","Isle of Man","Malew","Europe","Malew, Isle of Man"
"1136","CPV","Cabo Verde","Maio","Africa","Maio, Cabo Verde"
"3583","ITA","Italy","Piemonte","Europe","Piemonte, Italy"
"1475","MAR","Morocco","Drâa-Tafilalet","Africa","Drâa-Tafilalet, Morocco"
"2076","HTI","Haiti","Nord-Est","America","Nord-Est, Haiti"
"1089","BWA","Botswana","Kgalagadi","Africa","Kgalagadi, Botswana"
"1210","CIV","Côte D'Ivoire","Yamoussoukro","Africa","Yamoussoukro, Côte D'Ivoire"
"1364","KEN","Kenya","Kericho","Africa","Kericho, Kenya"
"1706","TZA","United Republic of Tanzania","Singida","Africa","Singida, United Republic of Tanzania"
"3525","IRL","Ireland","Cork","Europe","Cork, Ireland"
"3148","TUR","Türkiye","Kastamonu","Asia","Kastamonu, Türkiye"
"3204","UZB","Uzbekistan","Tashkent City","Asia","Tashkent City, Uzbekistan"
"1592","SOM","Somalia","Bari","Africa","Bari, Somalia"
"2507","KHM","Cambodia","Kampong Chhnang","Asia","Kampong Chhnang, Cambodia"
"1817","BLZ","Belize","Cayo","America","Cayo, Belize"
"3847","SRB","Serbia","Toplički","Europe","Toplički, Serbia"
"2475","BGD","Bangladesh","Khulna","Asia","Khulna, Bangladesh"
"3239","VNM","Viet Nam","Lai Chau","Asia","Lai Chau, Viet Nam"
"1797","BHS","Bahamas","Ragged Island","America","Ragged Island, Bahamas"
"1584","SLE","Sierra Leone","Eastern","Africa","Eastern, Sierra Leone"
"1911","CHL","Chile","Región Del Maule","America","Región Del Maule, Chile"
"3520","ISL","Iceland","Vestfirðir","Europe","Vestfirðir, Iceland"
"3452","GEO","Georgia","Samegrelo-Zemo Svaneti","Europe","Samegrelo-Zemo Svaneti, Georgia"
"3441","FRA","France","Pays de la Loire","Europe","Pays de la Loire, France"
"4055","WSM","Samoa","A'ana","Oceania","A'ana, Samoa"
"2591","IND","India","Gujarat","Asia","Gujarat, India"
"1005","DZA","Algeria","Annaba","Africa","Annaba, Algeria"
"1971","DMA","Dominica","St. George","America","St. George, Dominica"
"1926","COL","Colombia","Cundinamarca","America","Cundinamarca, Colombia"
"4093","UMI","United States Minor Outlying Islands","Jarvis Island","Oceania","Jarvis Island, United States Minor Outlying Islands"
"3344","BGR","Bulgaria","Plovdiv","Europe","Plovdiv, Bulgaria"
"3137","TUR","Türkiye","Gumushane","Asia","Gumushane, Türkiye"
"3522","IRL","Ireland","Carlow","Europe","Carlow, Ireland"
"1738","AIA","Anguilla","The Farrington","America","The Farrington, Anguilla"
"1357","KEN","Kenya","Elgeyo-Marakwet","Africa","Elgeyo-Marakwet, Kenya"
"3747","MDA","Republic of Moldova","Cimislia","Europe","Cimislia, Republic of Moldova"
"3787","ROU","Romania","Cluj","Europe","Cluj, Romania"
"3451","GEO","Georgia","Racha-Lechkhumi-Kvemo Svaneti","Europe","Racha-Lechkhumi-Kvemo Svaneti, Georgia"
"1282","ERI","Eritrea","Gash Barka","Africa","Gash Barka, Eritrea"
"4067","SLB","Solomon Islands","Choiseul","Oceania","Choiseul, Solomon Islands"
"3978","ASM","American Samoa","Administrative Unit Not Available","Oceania","American Samoa"
"1442","MLI","Mali","Mopti","Africa","Mopti, Mali"
"4056","WSM","Samoa","Aiga-i-le-Tai","Oceania","Aiga-i-le-Tai, Samoa"
"3274","YEM","Yemen","Al Maharah","Asia","Al Maharah, Yemen"
"2407","AFG","Afghanistan","Ghor","Asia","Ghor, Afghanistan"
"1897","CHL","Chile","Región De Antofagasta","America","Región De Antofagasta, Chile"
"3791","ROU","Romania","Dolj","Europe","Dolj, Romania"
"2373","VEN","Venezuela (Bolivarian Republic Of)","Amazonas","America","Amazonas, Venezuela (Bolivarian Republic Of)"
"2522","KHM","Cambodia","Pursat","Asia","Pursat, Cambodia"
"2133","MEX","Mexico","México","America","México, Mexico"
"1351","xIT","Ilemi Triangle","Administrative Unit Not Available","Africa","Ilemi Triangle"
"2680","IRN","Iran (Islamic Republic Of)","Zanjan","Asia","Zanjan, Iran (Islamic Republic Of)"
"2932","QAT","Qatar","Al Rayyan Municipality","Asia","Al Rayyan Municipality, Qatar"
"3009","THA","Thailand","Bangkok","Asia","Bangkok, Thailand"
"2177","PAN","Panama","Los Santos","America","Los Santos, Panama"
"2247","KNA","Saint Kitts And Nevis","Trinity Palmetto Point","America","Trinity Palmetto Point, Saint Kitts And Nevis"
"1718","ZMB","Zambia","Northern","Africa","Northern, Zambia"
"2803","LAO","Lao People's Democratic Republic","Champasak","Asia","Champasak, Lao People's Democratic Republic"
"1625","SSD","South Sudan","Western Bahr El Ghazal","Africa","Western Bahr El Ghazal, South Sudan"
"3809","ROU","Romania","Suceava","Europe","Suceava, Romania"
"1164","TCD","Chad","Ennedi Ouest","Africa","Ennedi Ouest, Chad"
"2112","JAM","Jamaica","Westmoreland","America","Westmoreland, Jamaica"
"1746","ATG","Antigua And Barbuda","Saint Peter","America","Saint Peter, Antigua And Barbuda"
"1751","ARG","Argentina","Chubut","America","Chubut, Argentina"
"3885","ESP","Spain","Castilla-La Mancha","Europe","Castilla-La Mancha, Spain"
"2958","SAU","Saudi Arabia","Aseer","Asia","Aseer, Saudi Arabia"
"2362","URY","Uruguay","Maldonado","America","Maldonado, Uruguay"
"1371","KEN","Kenya","Kwale","Africa","Kwale, Kenya"
"3433","FRA","France","Bretagne","Europe","Bretagne, France"
"1370","KEN","Kenya","Kitui","Africa","Kitui, Kenya"
"1695","TZA","United Republic of Tanzania","Mbeya","Africa","Mbeya, United Republic of Tanzania"
"3116","TUR","Türkiye","Batman","Asia","Batman, Türkiye"
"3827","SRB","Serbia","Braničevski","Europe","Braničevski, Serbia"
"3708","POL","Poland","Zachodniopomorskie","Europe","Zachodniopomorskie, Poland"
"2192","PRY","Paraguay","Cordillera","America","Cordillera, Paraguay"
"3934","CHE","Switzerland","Nidwalden","Europe","Nidwalden, Switzerland"
"3457","DEU","Germany","Bayern","Europe","Bayern, Germany"
"2439","ARM","Armenia","Shirak","Asia","Shirak, Armenia"
"1113","BFA","Burkina Faso","Sud-Ouest","Africa","Sud-Ouest, Burkina Faso"
"2194","PRY","Paraguay","Itapúa","America","Itapúa, Paraguay"
"3602","JEY","Jersey","Saint Saviour","Europe","Saint Saviour, Jersey"
"2316","USA","United States of America","Indiana","America","Indiana, United States of America"
"3184","ARE","United Arab Emirates","Abu Dhabi","Asia","Abu Dhabi, United Arab Emirates"
"2348","USA","United States of America","Virginia","America","Virginia, United States of America"
"2715","JPN","Japan","Gunma","Asia","Gunma, Japan"
"3782","ROU","Romania","Brasov","Europe","Brasov, Romania"
"2883","MNG","Mongolia","Övörkhangai","Asia","Övörkhangai, Mongolia"
"1884","CAN","Canada","Nunavut","America","Nunavut, Canada"
"2717","JPN","Japan","Hokkaido","Asia","Hokkaido, Japan"
"2707","JPN","Japan","Akita","Asia","Akita, Japan"
"2018","SLV","El Salvador","La Paz","America","La Paz, El Salvador"
"1983","DOM","Dominican Republic","El Valle","America","El Valle, Dominican Republic"
"2459","AZE","Azerbaijan","Waterbody","Asia","Waterbody, Azerbaijan"
"2624","IDN","Indonesia","Jawa Tengah","Asia","Jawa Tengah, Indonesia"
"1932","COL","Colombia","Meta","America","Meta, Colombia"
"1773","BHS","Bahamas","Acklins","America","Acklins, Bahamas"
"2236","KNA","Saint Kitts And Nevis","Saint George Basseterre","America","Saint George Basseterre, Saint Kitts And Nevis"
"2306","USA","United States of America","California","America","California, United States of America"
"1934","COL","Colombia","Norte De Santander","America","Norte De Santander, Colombia"
"3025","THA","Thailand","Lampang","Asia","Lampang, Thailand"
"3959","UKR","Ukraine","Luhanska","Europe","Luhanska, Ukraine"
"3001","TWN","Taiwan Province of China","Administrative Unit Not Available","Asia","Taiwan Province of China"
"2206","PER","Peru","Callao","America","Callao, Peru"
"1972","DMA","Dominica","St. John","America","St. John, Dominica"
"3872","SVN","Slovenia","Obalno-kraška","Europe","Obalno-kraška, Slovenia"
"2661","IRN","Iran (Islamic Republic Of)","Kerman","Asia","Kerman, Iran (Islamic Republic Of)"
"2344","USA","United States of America","Tennessee","America","Tennessee, United States of America"
"3660","MNE","Montenegro","Zabljak","Europe","Zabljak, Montenegro"
"2754","JOR","Jordan","Amman","Asia","Amman, Jordan"
"2166","NIC","Nicaragua","Región Autónoma Atlántico Sur","America","Región Autónoma Atlántico Sur, Nicaragua"
"1409","LSO","Lesotho","Thaba-Tseka","Africa","Thaba-Tseka, Lesotho"
"4079","TON","Tonga","Niuas","Oceania","Niuas, Tonga"
"2571","PRK","Democratic People's Republic of Korea","Ryanggang","Asia","Ryanggang, Democratic People's Republic of Korea"
"2965","SAU","Saudi Arabia","Tabuk","Asia","Tabuk, Saudi Arabia"
"3155","TUR","Türkiye","Konya","Asia","Konya, Türkiye"
"2482","BTN","Bhutan","Dagana","Asia","Dagana, Bhutan"
"3974","GBR","United Kingdom of Great Britain and Northern Ireland","Northern Ireland","Europe","Northern Ireland, United Kingdom of Great Britain and Northern Ireland"
"3779","ROU","Romania","Bistrita-Nasaud","Europe","Bistrita-Nasaud, Romania"
"1946","CRI","Costa Rica","Alajuela","America","Alajuela, Costa Rica"
"1296","ETH","Ethiopia","Oromia","Africa","Oromia, Ethiopia"
"3106","TUR","Türkiye","Agri","Asia","Agri, Türkiye"
"1435","MWI","Malawi","Northern Region","Africa","Northern Region, Malawi"
"2539","CHN","China","Hainan Province","Asia","Hainan Province, China"
"2099","JAM","Jamaica","Clarendon","America","Clarendon, Jamaica"
"2912","xPI","Paracel Islands","Administrative Unit Not Available","Asia","Paracel Islands"
"3838","SRB","Serbia","Podunavski","Europe","Podunavski, Serbia"
"3606","LVA","Latvia","Rīga","Europe","Rīga, Latvia"
"3813","ROU","Romania","Valcea","Europe","Valcea, Romania"
"2895","OMN","Oman","Al Batinah North","Asia","Al Batinah North, Oman"
"1345","GNB","Guinea-Bissau","Oio","Africa","Oio, Guinea-Bissau"
"3585","ITA","Italy","Sardegna","Europe","Sardegna, Italy"
"3526","IRL","Ireland","Donegal","Europe","Donegal, Ireland"
"3625","LTU","Lithuania","Tauragės apskr.","Europe","Tauragės apskr., Lithuania"
"3496","HUN","Hungary","Bekes","Europe","Bekes, Hungary"
"1799","BHS","Bahamas","San Salvador","America","San Salvador, Bahamas"
"3544","IRL","Ireland","Waterford","Europe","Waterford, Ireland"
"2614","IND","India","West Bengal","Asia","West Bengal, India"
"2584","IND","India","Dadra & Nagar Haveli & Daman & Diu","Asia","Dadra & Nagar Haveli & Daman & Diu, India"
"2985","LKA","Sri Lanka","Uva","Asia","Uva, Sri Lanka"
"2585","IND","India","Delhi","Asia","Delhi, India"
"2492","BTN","Bhutan","Sarpang","Asia","Sarpang, Bhutan"
"3185","ARE","United Arab Emirates","Ajman","Asia","Ajman, United Arab Emirates"
"1711","ZMB","Zambia","Central","Africa","Central, Zambia"
"3482","GGY","Guernsey","Forest","Europe","Forest, Guernsey"
"3265","VNM","Viet Nam","Vinh Long","Asia","Vinh Long, Viet Nam"
"2936","QAT","Qatar","Doha Municipality","Asia","Doha Municipality, Qatar"
"2521","KHM","Cambodia","Prey Veng","Asia","Prey Veng, Cambodia"
"2155","NIC","Nicaragua","Chontales","America","Chontales, Nicaragua"
"2183","PRY","Paraguay","Alto Paraná","America","Alto Paraná, Paraguay"
"1368","KEN","Kenya","Kisii","Africa","Kisii, Kenya"
"3401","CZE","Czechia","Ústecký","Europe","Ústecký, Czechia"
